"","F","ka","V1","k12","k21","T0","L0","keD","keT","keL","keDT","keTL","Vm","Km","kon_DT","Kd_DT","kon_TL","Kd_TL","TL0_sim","T0_sim","L0_sim","Ttotss_sim","Tss_sim","Lss_sim","Dss_sim","TLss_sim","AFIR_sim","SCIM_sim","time_last_dose","TLss_frac_change","TL0_05tau_frac_change","error_simulation","T0_thy","TL0_thy","L0_thy","Ttotss_thy","Lss_thy","Tss_thy","TLss_thy","Tfold_thy","Lfold_thy","Dss_thy","Cavgss_thy","Ccrit_thy","AFIR_thy","AFIR_simple_thy","SCIM_thy","SCIM_adhoc_thy","SCIM_simpler_thy","SCIM_simplest_thy","SCIM_Lfold_thy","SCIM_Lfold_adhoc_thy","dose_mpk","drug","target","ligand","order","id","tmax","tau","dose_nmol","koff_DT","Kss_DT","koff_TL","Kss_TL","assumption_SCIM_lt_30","assumption_drug_gg_Ttot","assumption_drug_gg_KssDT","assumption_koffDT_gt_keT","assumption_Dss_gt_Ccrit","assumption_Dss_gg_LssKssDT_KssTL","assumption_ODE_tolerance","assumption_all_SCIM"
"1",0,0,3.28,0.166463414634146,0.150413223140496,0.15,0.01,0.0609756097560976,6,6,6,6,0,1,5,0.4,5,1,0.000681818181818182,0.15,0.01,0.150681818181818,0.149924951263478,0.0100003224747995,0.000792975422860272,0.000681495707018716,0.99949967508985,0.999527036960783,357,-2.19546357023333e-14,1.59016318631207e-16,0,0.15,0.000681818181818154,0.01,0.150681818181818,0.0106818181818182,-99,0.00069581005798135,1.00454545454545,1.06818181818182,0.0745669965722136,0.0745669965722136,14.8270909090909,0.955663434799993,21.55474675336,1.02052141837269,0.506235209218201,20.8519726461776,23.0243885774537,23.0243885774526,0.958375631630496,0.001,"Atezolizumab","mPD-L1","mPD-1",2,0,364,21,0.466666666666667,0.08,1.6,0.2,2.2,FALSE,FALSE,FALSE,FALSE,FALSE,TRUE,TRUE,FALSE
"2",0,0,3.28,0.166463414634146,0.150413223140496,0.15,0.01,0.0609756097560976,6,6,6,6,0,1,5,0.4,5,1,0.000681818181818182,0.15,0.01,0.150681818181818,0.14986319862022,0.0100005878328589,0.00144606141646511,0.000681230348959268,0.999087990801468,0.99913784514026,357,-4.76346526135631e-13,1.59016318631207e-16,0,0.15,0.000681818181818154,0.01,0.150681818181818,0.0106818181818182,-99,0.000672607737670991,1.00454545454545,1.06818181818182,0.13260095467281,0.13260095467281,14.8270909090909,0.923787021983955,12.1211248534268,0.98649134858416,0.497718273520091,12.230996734183,12.9475651843428,12.9475651843423,0.928302898263375,0.00177827941003892,"Atezolizumab","mPD-L1","mPD-1",2,1,364,21,0.829863724684831,0.08,1.6,0.2,2.2,FALSE,FALSE,FALSE,FALSE,FALSE,TRUE,TRUE,FALSE
"3",0,0,3.28,0.166463414634146,0.150413223140496,0.15,0.01,0.0609756097560976,6,6,6,6,0,1,5,0.4,5,1,0.000681818181818182,0.15,0.01,0.150681818181818,0.149746212567189,0.0100010905719009,0.00268477206351256,0.000680727609917294,0.99830808378126,0.998400494545364,357,-5.59041468273409e-13,1.59016318631207e-16,0,0.15,0.000681818181818154,0.01,0.150681818181818,0.0106818181818182,-99,0.000634956055409565,1.00454545454545,1.06818181818182,0.235801547446163,0.235801547446163,14.8270909090909,0.872060746177943,6.81620941287372,0.9312688812674,0.483260147592603,7.0487272643465,7.28095096375178,7.28095096375145,0.87924092240404,0.00316227766016838,"Atezolizumab","mPD-L1","mPD-1",2,2,364,21,1.47572957474524,0.08,1.6,0.2,2.2,FALSE,FALSE,FALSE,FALSE,FALSE,TRUE,TRUE,FALSE
"4",0,0,3.28,0.166463414634146,0.150413223140496,0.15,0.01,0.0609756097560976,6,6,6,6,0,1,5,0.4,5,1,0.000681818181818182,0.15,0.01,0.150681818181818,0.149515794107741,0.010002080919353,0.00513026607765118,0.000679737262465179,0.996771960718272,0.996947984948929,357,-6.11534979594026e-13,1.59016318631207e-16,0,0.15,0.000681818181818154,0.01,0.150681818181818,0.0106818181818182,-99,0.000577471270745618,1.00454545454545,1.06818181818182,0.419321036678828,0.419321036678828,14.8270909090909,0.793090729806049,3.83303623401034,0.846957863760275,0.459522628892973,4.019904433684,4.09437961360212,4.09437961360194,0.80370524463273,0.00562341325190349,"Atezolizumab","mPD-L1","mPD-1",2,3,364,21,2.62425951755496,0.08,1.6,0.2,2.2,FALSE,TRUE,FALSE,FALSE,FALSE,TRUE,TRUE,FALSE
"5",0,0,3.28,0.166463414634146,0.150413223140496,0.15,0.01,0.0609756097560976,6,6,6,6,0,1,5,0.4,5,1,0.000681818181818182,0.15,0.01,0.150681818181818,0.149036959572411,0.0100041395666325,0.0102365876414886,0.000677678615185724,0.993579730482743,0.993928635605728,357,1.06295802650044e-12,1.59016318631207e-16,0,0.15,0.000681818181818154,0.01,0.150681818181818,0.0106818181818182,-99,0.000497393917589658,1.00454545454545,1.06818181818182,0.745669965722136,0.745669965722136,14.8270909090909,0.683090468823516,2.155474675336,0.729511079131528,0.422608504595984,2.27869874670684,2.30243885774537,2.30243885774526,0.697193485458578,0.01,"Atezolizumab","mPD-L1","mPD-1",2,4,364,21,4.66666666666667,0.08,1.6,0.2,2.2,FALSE,TRUE,FALSE,FALSE,FALSE,TRUE,TRUE,FALSE
"6",0,0,3.28,0.166463414634146,0.150413223140496,0.15,0.01,0.0609756097560976,6,6,6,6,0,1,5,0.4,5,1,0.000681818181818182,0.15,0.01,0.150681818181818,0.147974941106665,0.0100087083716546,0.0216806085305178,0.00067310981016355,0.986499607377769,0.987227721573207,357,-8.99112809742527e-12,1.59016318631207e-16,0,0.15,0.000681818181818154,0.01,0.150681818181818,0.0106818181818182,-99,0.000399002913300969,1.00454545454545,1.06818181818182,1.3260095467281,1.3260095467281,14.8270909090909,0.547943422124355,1.21211248534268,0.585204272841445,0.369784175544244,1.28721520496255,1.29475651843428,1.29475651843423,0.564223920068728,0.0177827941003892,"Atezolizumab","mPD-L1","mPD-1",2,5,364,21,8.29863724684831,0.08,1.6,0.2,2.2,FALSE,TRUE,FALSE,FALSE,FALSE,TRUE,TRUE,FALSE
"7",0,0,3.28,0.166463414634146,0.150413223140496,0.15,0.01,0.0609756097560976,6,6,6,6,0,1,5,0.4,5,1,0.000681818181818182,0.15,0.01,0.150681818181818,0.145442738369458,0.0100196179612014,0.0496449934925665,0.000662200220616768,0.969618255796386,0.971226990237926,357,-2.35210559057497e-12,1.59016318631207e-16,0,0.15,0.000681818181818154,0.01,0.150681818181818,0.0106818181818182,-99,0.000295171397390634,1.00454545454545,1.06818181818182,2.35801547446163,2.35801547446163,14.8270909090909,0.405335664270186,0.681620941287372,0.432918049506281,0.302536974049372,0.725704228997117,0.728095096375178,0.728095096375145,0.421328142127362,0.0316227766016838,"Atezolizumab","mPD-L1","mPD-1",2,6,364,21,14.7572957474524,0.08,1.6,0.2,2.2,FALSE,TRUE,FALSE,FALSE,FALSE,TRUE,TRUE,FALSE
"8",0,0,3.28,0.166463414634146,0.150413223140496,0.15,0.01,0.0609756097560976,6,6,6,6,0,1,5,0.4,5,1,0.000681818181818182,0.15,0.01,0.150681818181818,0.138848337383595,0.0100481352410373,0.127283876722232,0.000633682940780917,0.9256555825573,0.929401646478679,357,2.38917574740612e-12,1.59016318631207e-16,0,0.15,0.000681818181818154,0.01,0.150681818181818,0.0106818181818182,-99,0.00020179111719714,1.00454545454545,1.06818181818182,4.19321036678828,4.19321036678828,14.8270909090909,0.277092907816313,0.383303623401034,0.295960305222485,0.228607660599814,0.408680814574843,0.409437961360212,0.409437961360194,0.290497327718534,0.0562341325190349,"Atezolizumab","mPD-L1","mPD-1",2,7,364,21,26.2425951755496,0.08,1.6,0.2,2.2,TRUE,TRUE,TRUE,FALSE,FALSE,TRUE,TRUE,FALSE
"9",0,0,3.28,0.166463414634146,0.150413223140496,0.15,0.01,0.0609756097560976,6,6,6,6,0,1,5,0.4,5,1,0.000681818181818182,0.15,0.01,0.150681818181818,0.119190732420245,0.0101340401166855,0.410074497751232,0.000547778065132677,0.794604882801634,0.80340782886126,357,-1.58239092113142e-10,1.59016318631207e-16,0,0.15,0.000681818181818154,0.01,0.150681818181818,0.0106818181818182,-99,0.000129140065690285,1.00454545454545,1.06818181818182,7.45669965722136,7.45669965722136,14.8270909090909,0.177325421911293,0.2155474675336,0.189405429679092,0.159358618486166,0.230004261001696,0.230243885774537,0.230243885774526,0.187153042121865,0.1,"Atezolizumab","mPD-L1","mPD-1",2,8,364,21,46.6666666666667,0.08,1.6,0.2,2.2,TRUE,TRUE,TRUE,FALSE,FALSE,TRUE,TRUE,FALSE
"10",0,0,3.28,0.166463414634146,0.150413223140496,0.15,0.01,0.0609756097560976,6,6,6,6,0,1,5,0.4,5,1,0.000681818181818182,0.15,0.01,0.150681818181818,0.0637227062664833,0.0103827972289876,2.16290793687765,0.000299020952830625,0.424818041776555,0.438564064151584,357,-2.39110438539979e-06,1.59016318631207e-16,0,0.15,0.000681818181818154,0.01,0.150681818181818,0.0106818181818182,-99,7.87326290204094e-05,1.00454545454545,1.06818181818182,13.260095467281,13.260095467281,14.8270909090909,0.108107413917515,0.121211248534268,0.115474522563272,0.103569051559409,0.129399841305865,0.129475651843428,0.129475651843423,0.114633415631497,0.177827941003892,"Atezolizumab","mPD-L1","mPD-1",2,9,364,21,82.9863724684831,0.08,1.6,0.2,2.2,TRUE,TRUE,TRUE,FALSE,FALSE,TRUE,TRUE,FALSE
"11",0,0,3.28,0.166463414634146,0.150413223140496,0.15,0.01,0.0609756097560976,6,6,6,6,0,1,5,0.4,5,1,0.000681818181818182,0.15,0.01,0.150681818181818,0.0204796898440989,0.0105837405437568,10.1543772682122,9.80776380613367e-05,0.136531265627326,0.143847202489961,357,-6.53206462654907e-05,1.59016318631207e-16,0,0.15,0.000681818181818154,0.01,0.150681818181818,0.0106818181818182,-99,4.64740983112986e-05,1.00454545454545,1.06818181818182,23.5801547446163,23.5801547446163,14.8270909090909,0.063812500465423,0.0681620941287372,0.0681620108565742,0.06383085826012,0.0727855300956401,0.0728095096375177,0.0728095096375145,0.0678680688262315,0.316227766016838,"Atezolizumab","mPD-L1","mPD-1",2,10,364,21,147.572957474524,0.08,1.6,0.2,2.2,TRUE,TRUE,TRUE,FALSE,FALSE,TRUE,TRUE,FALSE
"12",0,0,3.28,0.166463414634146,0.150413223140496,0.15,0.01,0.0609756097560976,6,6,6,6,0,1,5,0.4,5,1,0.000681818181818182,0.15,0.01,0.150681818181818,0.00819829324188448,0.0106422932235151,27.7922378797372,3.95249583030958e-05,0.0546552882792298,0.0579699388445405,357,-0.00010235553973283,1.59016318631207e-16,0,0.15,0.000681818181818154,0.01,0.150681818181818,0.0106818181818182,-99,2.68853803354288e-05,1.00454545454545,1.06818181818182,41.9321036678828,41.9321036678828,14.8270909090909,0.0369153823583831,0.0383303623401034,0.0394318911586305,0.0379425158893833,0.0409362120458828,0.0409437961360212,0.0409437961360194,0.0393333398863634,0.562341325190349,"Atezolizumab","mPD-L1","mPD-1",2,11,364,21,262.425951755496,0.08,1.6,0.2,2.2,TRUE,TRUE,TRUE,FALSE,TRUE,TRUE,TRUE,TRUE
"13",0,0,3.28,0.166463414634146,0.150413223140496,0.15,0.01,0.0609756097560976,6,6,6,6,0,1,5,0.4,5,1,0.000681818181818182,0.15,0.01,0.150681818181818,0.00389941471694827,0.0106629727796537,60.2133454140732,1.88454021644665e-05,0.0259960981129885,0.0276399231745508,357,-0.000111105484095614,1.59016318631207e-16,0,0.15,0.000681818181818154,0.01,0.150681818181818,0.0106818181818182,-99,1.53671103937699e-05,1.00454545454545,1.06818181818182,74.5669965722136,74.5669965722136,14.8270909090909,0.0210999428291669,0.02155474675336,0.0225384285775301,0.0220438431097883,0.0230219900831301,0.0230243885774537,0.0230243885774526,0.0225061971488957,1,"Atezolizumab","mPD-L1","mPD-1",2,12,364,21,466.666666666667,0.08,1.6,0.2,2.2,TRUE,TRUE,TRUE,FALSE,TRUE,TRUE,TRUE,TRUE
"14",0,0,3.28,0.166463414634146,0.150413223140496,0.15,0.01,0.0609756097560976,6,6,6,6,0,1,5,0.4,5,1,0.000681818181818182,0.15,0.01,0.150681818181818,0.0020112942941419,0.0106720872785712,118.254935976324,9.73090324697339e-06,0.0134086286276127,0.0142719914288943,357,-0.000113331849432041,1.59016318631207e-16,0,0.15,0.000681818181818154,0.01,0.150681818181818,0.0106818181818182,-99,8.72213070091178e-06,1.00454545454545,1.06818181818182,132.60095467281,132.60095467281,14.8270909090909,0.0119759627141289,0.0121211248534268,0.0127924583613378,0.0126316003132395,0.0129468066792595,0.0129475651843428,0.0129475651843423,0.0127820685190018,1.77827941003892,"Atezolizumab","mPD-L1","mPD-1",2,13,364,21,829.863724684831,0.08,1.6,0.2,2.2,TRUE,TRUE,TRUE,FALSE,TRUE,TRUE,TRUE,TRUE
"15",0,0,3.28,0.166463414634146,0.150413223140496,0.15,0.01,0.0609756097560976,6,6,6,6,0,1,5,0.4,5,1,0.000681818181818182,0.15,0.01,0.150681818181818,0.00107988722516971,0.0106765907295412,221.642291397765,5.22745227696449e-06,0.00719924816779804,0.00766693000621458,357,-0.000113970951801481,1.59016318631207e-16,0,0.15,0.000681818181818154,0.01,0.150681818181818,0.0106818181818182,-99,4.93066592779172e-06,1.00454545454545,1.06818181818182,235.801547446163,235.801547446163,14.8270909090909,0.00677006324406378,0.00681620941287372,0.00723164336076149,0.00717995542889836,0.00728071109723376,0.00728095096375178,0.00728095096375145,0.00722832190640074,3.16227766016838,"Atezolizumab","mPD-L1","mPD-1",2,14,364,21,1475.72957474524,0.08,1.6,0.2,2.2,TRUE,TRUE,TRUE,FALSE,TRUE,TRUE,TRUE,TRUE
"16",0,0,3.28,0.166463414634146,0.150413223140496,0.15,0.01,0.0609756097560976,6,6,6,6,0,1,5,0.4,5,1,0.000681818181818182,0.15,0.01,0.150681818181818,0.000592080070559798,0.0106789512646697,405.579875425703,2.86691714848765e-06,0.00394720047039865,0.00420481181778188,357,-0.000114172715961153,1.59016318631207e-16,0,0.15,0.000681818181818154,0.01,0.150681818181818,0.0106818181818182,-99,2.78095965607078e-06,1.00454545454545,1.06818181818182,419.321036678828,419.321036678828,14.8270909090909,0.00381840016781117,0.00383303623401034,0.00407874082890397,0.00406224694860082,0.0040943037600553,0.00409437961360212,0.00409437961360194,0.00407768402725006,5.62341325190349,"Atezolizumab","mPD-L1","mPD-1",2,15,364,21,2624.25951755496,0.08,1.6,0.2,2.2,TRUE,TRUE,TRUE,FALSE,TRUE,TRUE,TRUE,TRUE
"17",0,0,3.28,0.166463414634146,0.150413223140496,0.15,0.01,0.0609756097560976,6,6,6,6,0,1,5,0.4,5,1,0.000681818181818182,0.15,0.01,0.150681818181818,0.000328313863166515,0.0106802282058601,732.717446057471,1.58997595803641e-06,0.00218875908777677,0.0023319647384534,357,-0.000114242021048557,1.59016318631207e-16,0,0.15,0.000681818181818154,0.01,0.150681818181818,0.0106818181818182,-99,1.56646715376087e-06,1.00454545454545,1.06818181818182,745.669965722136,745.669965722136,14.8270909090909,0.00215083859720898,0.002155474675336,0.00229748515884938,0.00229224259534023,0.00230241487055322,0.00230243885774537,0.00230243885774526,0.00229714981075891,10,"Atezolizumab","mPD-L1","mPD-1",2,16,364,21,4666.66666666667,0.08,1.6,0.2,2.2,TRUE,TRUE,TRUE,FALSE,TRUE,TRUE,TRUE,TRUE
"18",0,0,3.28,0.166463414634146,0.150413223140496,0.15,0.01,0.0609756097560976,6,6,6,6,0,1,5,0.4,5,1,0.000681818181818182,0.15,0.01,0.150681818181818,0.000183186278107473,0.0106809309625328,1314.4838979849,8.87219285382457e-07,0.00122124185404982,0.00130125495189427,357,-0.000114267969550591,1.59016318631207e-16,0,0.15,0.000681818181818154,0.01,0.150681818181818,0.0106818181818182,-99,8.81719462403803e-07,1.00454545454545,1.06818181818182,1326.0095467281,1326.0095467281,14.8270909090909,0.00121064504736545,0.00121211248534268,0.00129318854485896,0.0012915259157444,0.00129474893298351,0.00129475651843428,0.00129475651843423,0.00129308229170816,17.7827941003892,"Atezolizumab","mPD-L1","mPD-1",2,17,364,21,8298.63724684831,0.08,1.6,0.2,2.2,TRUE,TRUE,TRUE,FALSE,TRUE,TRUE,TRUE,TRUE
"19",0,0,3.28,0.166463414634146,0.150413223140496,0.15,0.01,0.0609756097560976,6,6,6,6,0,1,5,0.4,5,1,0.000681818181818182,0.15,0.01,0.150681818181818,0.000102563344907642,0.0106813214172546,2349.04065994574,4.96764563628766e-07,0.000683755632717613,0.000728588026655523,357,-0.000114278602447038,1.59016318631207e-16,0,0.15,0.000681818181818154,0.01,0.150681818181818,0.0106818181818182,-99,4.96090224992155e-07,1.00454545454545,1.06818181818182,2358.01547446163,2358.01547446163,14.8270909090909,0.000681156650649992,0.000681620941287372,0.000727598996655191,0.000727072373268571,0.000728092697638875,0.000728095096375178,0.000728095096375145,0.000727565359604525,31.6227766016838,"Atezolizumab","mPD-L1","mPD-1",2,18,364,21,14757.2957474524,0.08,1.6,0.2,2.2,TRUE,TRUE,TRUE,FALSE,TRUE,TRUE,TRUE,TRUE
"20",0,0,3.28,0.166463414634146,0.150413223140496,0.15,0.01,0.0609756097560976,6,6,6,6,0,1,5,0.4,5,1,0.000681818181818182,0.15,0.01,0.150681818181818,5.75342112505991e-05,0.0106815395081134,4188.77912770554,2.78673704787908e-07,0.000383561408337328,0.000408721433688932,357,-0.000114283357503905,1.59016318631207e-16,0,0.15,0.000681818181818154,0.01,0.150681818181818,0.0106818181818182,-99,2.79055250493651e-07,1.00454545454545,1.06818181818182,4193.21036678828,4193.21036678828,14.8270909090909,0.000383156758027351,0.000383303623401034,0.000409281034057372,0.00040911434897305,0.000409437202812096,0.000409437961360212,0.000409437961360194,0.000409270390525852,56.2341325190349,"Atezolizumab","mPD-L1","mPD-1",2,19,364,21,26242.5951755496,0.08,1.6,0.2,2.2,TRUE,TRUE,TRUE,FALSE,TRUE,TRUE,TRUE,TRUE
"21",0,0,3.28,0.166463414634146,0.150413223140496,0.15,0.01,0.0609756097560976,6,6,6,6,0,1,5,0.4,5,1,0.000681818181818182,0.15,0.01,0.150681818181818,3.23093041110205e-05,0.010681661685611,7460.35234292361,1.56496207187902e-07,0.000215395360740136,0.000229527770542256,357,-0.000114285649170281,1.59016318631207e-16,0,0.15,0.000681818181818154,0.01,0.150681818181818,0.0106818181818182,-99,1.56950626826242e-07,1.00454545454545,1.06818181818182,7456.69965722136,7456.69965722136,14.8270909090909,0.00021550101683517,0.0002155474675336,0.000230194252678498,0.000230141515140492,0.000230243645900366,0.000230243885774537,0.000230243885774526,0.000230190885730526,100,"Atezolizumab","mPD-L1","mPD-1",2,20,364,21,46666.6666666667,0.08,1.6,0.2,2.2,TRUE,TRUE,TRUE,FALSE,TRUE,TRUE,TRUE,TRUE
"22",0,0,3.28,0.166463414634146,0.150413223140496,0.15,0.01,0.0609756097560976,6,6,6,6,0,1,5,0.4,5,1,0.000681818181818182,0.15,0.01,0.150681818181818,1.81547927122534e-05,0.0106817302449307,13278.1259707807,8.79368875311076e-08,0.000121031951415023,0.000128974101712291,357,-0.000114286817915685,1.59016318631207e-16,0,0.15,0.000681818181818154,0.01,0.150681818181818,0.0106818181818182,-99,8.82681511359708e-08,1.00454545454545,1.06818181818182,13260.095467281,13260.095467281,14.8270909090909,0.000121196558148137,0.000121211248534268,0.000129459954999429,0.000129443273105907,0.000129475575988521,0.000129475651843428,0.000129475651843423,0.000129458890069244,177.827941003892,"Atezolizumab","mPD-L1","mPD-1",2,21,364,21,82986.3724684831,0.08,1.6,0.2,2.2,TRUE,TRUE,TRUE,FALSE,TRUE,TRUE,TRUE,TRUE
"23",0,0,3.28,0.166463414634146,0.150413223140496,0.15,0.01,0.0609756097560976,6,6,6,6,0,1,5,0.4,5,1,0.000681818181818182,0.15,0.01,0.150681818181818,1.02047475157828e-05,0.0106817687525624,23623.7543390258,4.94292558039273e-08,6.80316501052187e-05,7.249624184576e-05,357,-0.000114287437400895,1.59016318631207e-16,0,0.15,0.000681818181818154,0.01,0.150681818181818,0.0106818181818182,-99,4.96394629065108e-08,1.00454545454545,1.06818181818182,23580.1547446163,23580.1547446163,14.8270909090909,6.81574483743255e-05,6.81620941287372e-05,7.28045455962189e-05,7.27992694609192e-05,7.28094856500836e-05,7.28095096375177e-05,7.28095096375145e-05,7.28042087987723e-05,316.227766016838,"Atezolizumab","mPD-L1","mPD-1",2,22,364,21,147572.957474524,0.08,1.6,0.2,2.2,TRUE,TRUE,TRUE,FALSE,TRUE,TRUE,TRUE,TRUE
"24",0,0,3.28,0.166463414634146,0.150413223140496,0.15,0.01,0.0609756097560976,6,6,6,6,0,1,5,0.4,5,1,0.000681818181818182,0.15,0.01,0.150681818181818,5.73714719738183e-06,0.0106817903924334,42021.1729880127,2.77893847422397e-08,3.82476479825455e-05,4.07577642886182e-05,357,-0.0001142877735643,1.59016318631207e-16,0,0.15,0.000681818181818154,0.01,0.150681818181818,0.0106818181818182,-99,2.79151543101052e-08,1.00454545454545,1.06818181818182,41932.1036678828,41932.1036678828,14.8270909090909,3.83288931797397e-05,3.83303623401034e-05,4.09422263214893e-05,4.09405577085143e-05,4.09437885505274e-05,4.09437961360212e-05,4.09437961360194e-05,4.09421198102125e-05,562.341325190349,"Atezolizumab","mPD-L1","mPD-1",2,23,364,21,262425.951755496,0.08,1.6,0.2,2.2,TRUE,TRUE,TRUE,FALSE,TRUE,TRUE,FALSE,FALSE
"25",0,0,3.28,0.166463414634146,0.150413223140496,0.15,0.01,0.0609756097560976,6,6,6,6,0,1,5,0.4,5,1,0.000681818181818182,0.15,0.01,0.150681818181818,3.22579111186471e-06,0.0106818025568258,74736.9241839848,1.56249924311126e-08,2.15052740790981e-05,2.29166555656318e-05,357,-0.00011428795907092,1.59016318631207e-16,0,0.15,0.000681818181818154,0.01,0.150681818181818,0.0106818181818182,-99,1.56981082842137e-08,1.00454545454545,1.06818181818182,74566.9965722136,74566.9965722136,14.8270909090909,2.15542821562667e-05,2.155474675336e-05,2.30238921501811e-05,2.30233644613066e-05,2.30243861787097e-05,2.30243885774537e-05,2.30243885774526e-05,2.30238584671887e-05,1000,"Atezolizumab","mPD-L1","mPD-1",2,24,364,21,466666.666666667,0.08,1.6,0.2,2.2,TRUE,TRUE,TRUE,FALSE,TRUE,TRUE,FALSE,FALSE
"26",0,0,3.48,0.228448275862069,0.195812807881773,0.0099,0.15,0.0632183908045977,6,6,6,8,0,1,8.16,0.423529411764706,5,1,0.000571153846153846,0.0099,0.15,0.010475569985951,0.00967168831434874,0.150017567221099,0.0293228882836239,0.000558002764851668,0.97693821357058,0.976974537787432,357,-1.34700793119799e-08,1.89826642994095e-16,0,0.00989999999999991,0.000571153846153916,0.15,0.0106615384615385,0.150761538461538,-99,0.000553246996164541,1.07692307692309,1.00507692307692,0.0688791644802863,0.0688791644802863,1.01187692307692,0.947693714215853,18.1181611351015,0.968647939412546,0.505357956983903,9.21779018854121,18.2101456454773,18.2101456454797,0.947944173956052,0.001,"Pembrolizumab","mPD-1","mPD-L1",1,25,364,21,0.466666666666667,0.0519031141868512,1.15882352941176,0.2,2.2,FALSE,TRUE,FALSE,FALSE,FALSE,FALSE,TRUE,FALSE
"27",0,0,3.48,0.228448275862069,0.195812807881773,0.0099,0.15,0.0632183908045977,6,6,6,8,0,1,8.16,0.423529411764706,5,1,0.000571153846153846,0.0099,0.15,0.0104790516974395,0.00949161691865375,0.150031421558579,0.0534510837130917,0.000547630138860208,0.958749183702399,0.958813711135717,357,-3.28239310192884e-08,1.89826642994095e-16,0,0.00989999999999991,0.000571153846153916,0.15,0.0106615384615385,0.150761538461538,-99,0.000531253713329458,1.07692307692309,1.00507692307692,0.122486399975977,0.122486399975977,1.01187692307692,0.910623239066082,10.1885907427253,0.930141181586816,0.494673802932299,6.61267849450855,10.240317434187,10.2403174341883,0.911034540985611,0.00177827941003892,"Pembrolizumab","mPD-1","mPD-L1",1,26,364,21,0.829863724684831,0.0519031141868512,1.15882352941176,0.2,2.2,FALSE,TRUE,FALSE,FALSE,FALSE,FALSE,TRUE,FALSE
"28",0,0,3.48,0.228448275862069,0.195812807881773,0.0099,0.15,0.0632183908045977,6,6,6,8,0,1,8.16,0.423529411764706,5,1,0.000571153846153846,0.0099,0.15,0.0104852880968343,0.00916892524994795,0.150056246520068,0.099073598763083,0.000529041576766698,0.926154065651308,0.926268080534286,357,-9.633300068603e-08,1.89826642994095e-16,0,0.00989999999999991,0.000571153846153916,0.15,0.0106615384615385,0.150761538461538,-99,0.000496177850120154,1.07692307692309,1.00507692307692,0.217815043087073,0.217815043087073,1.01187692307692,0.851399790643825,5.72946562008625,0.868728895833161,0.476749937369009,4.4009020368449,5.75855367631055,5.75855367631131,0.852039349261219,0.00316227766016838,"Pembrolizumab","mPD-1","mPD-L1",1,27,364,21,1.47572957474524,0.0519031141868512,1.15882352941176,0.2,2.2,FALSE,TRUE,FALSE,FALSE,FALSE,TRUE,TRUE,FALSE
"29",0,0,3.48,0.228448275862069,0.195812807881773,0.0099,0.15,0.0632183908045977,6,6,6,8,0,1,8.16,0.423529411764706,5,1,0.000571153846153846,0.0099,0.15,0.0104963219127487,0.00859754029643709,0.15010019691303,0.188301729890576,0.000496124999718572,0.868438413781525,0.868636363143628,357,-3.57363757754121e-07,1.89826642994095e-16,0,0.00989999999999991,0.000571153846153916,0.15,0.0106615384615385,0.150761538461538,-99,0.000444042646782807,1.07692307692309,1.00507692307692,0.387336006318482,0.387336006318482,1.01187692307692,0.763140676341099,3.22191528943185,0.777448405141521,0.447890702439296,2.75954916571912,3.23827270551623,3.23827270551666,0.764054823867664,0.00562341325190349,"Pembrolizumab","mPD-1","mPD-L1",1,28,364,21,2.62425951755496,0.0519031141868512,1.15882352941176,0.2,2.2,FALSE,TRUE,FALSE,FALSE,FALSE,TRUE,TRUE,FALSE
"30",0,0,3.48,0.228448275862069,0.195812807881773,0.0099,0.15,0.0632183908045977,6,6,6,8,0,1,8.16,0.423529411764706,5,1,0.000571153846153846,0.0099,0.15,0.0105149669933429,0.00763074712764805,0.150174544851598,0.369850802710928,0.000440422141745034,0.770782538146267,0.771109473762349,357,-1.62239594717244e-06,1.89826642994095e-16,0,0.00989999999999991,0.000571153846153916,0.15,0.0106615384615385,0.150761538461538,-99,0.000374135358946363,1.07692307692309,1.00507692307692,0.688791644802863,0.688791644802863,1.01187692307692,0.644357966655351,1.81181611351015,0.655051806909378,0.404363014943807,1.6591566165022,1.82101456454773,1.82101456454797,0.64551760470608,0.01,"Pembrolizumab","mPD-1","mPD-L1",1,29,364,21,4.66666666666667,0.0519031141868512,1.15882352941176,0.2,2.2,FALSE,TRUE,FALSE,FALSE,FALSE,TRUE,TRUE,FALSE
"31",0,0,3.48,0.228448275862069,0.195812807881773,0.0099,0.15,0.0632183908045977,6,6,6,8,0,1,8.16,0.423529411764706,5,1,0.000571153846153846,0.0099,0.15,0.0105429442534704,0.00617743478922878,0.150286280064999,0.750060136326474,0.000356664188471055,0.623983312043311,0.624462552205215,357,-7.34753595597403e-06,1.89826642994095e-16,0,0.00989999999999991,0.000571153846153916,0.15,0.0106615384615385,0.150761538461538,-99,0.000292302120730955,1.07692307692309,1.00507692307692,1.22486399975978,1.22486399975978,1.01187692307692,0.50467072578588,1.01885907427253,0.511774756835279,0.344778463112973,0.970776089927396,1.0240317434187,1.02403174341883,0.505936602401858,0.0177827941003892,"Pembrolizumab","mPD-1","mPD-L1",1,30,364,21,8.29863724684831,0.0519031141868512,1.15882352941176,0.2,2.2,FALSE,TRUE,FALSE,FALSE,FALSE,TRUE,TRUE,FALSE
"32",0,0,3.48,0.228448275862069,0.195812807881773,0.0099,0.15,0.0632183908045977,6,6,6,8,0,1,8.16,0.423529411764706,5,1,0.000571153846153846,0.0099,0.15,0.0105765667473015,0.00442764504965737,0.150420801820557,1.53974601055338,0.000255764926744216,0.447236873702764,0.447803912144756,357,-2.39926299900005e-05,1.89826642994095e-16,0,0.00989999999999991,0.000571153846153916,0.15,0.0106615384615385,0.150761538461538,-99,0.00021044728930465,1.07692307692309,1.00507692307692,2.17815043087073,2.17815043087073,1.01187692307692,0.364250493848299,0.572946562008625,0.36845990046601,0.273192088421163,0.558622210571992,0.575855367631055,0.575855367631131,0.365423997315675,0.0316227766016838,"Pembrolizumab","mPD-1","mPD-L1",1,31,364,21,14.7572957474524,0.0519031141868512,1.15882352941176,0.2,2.2,FALSE,TRUE,FALSE,FALSE,TRUE,TRUE,TRUE,FALSE
"33",0,0,3.48,0.228448275862069,0.195812807881773,0.0099,0.15,0.0632183908045977,6,6,6,8,0,1,8.16,0.423529411764706,5,1,0.000571153846153846,0.0099,0.15,0.0106070689651205,0.00283837720141382,0.150543020069315,3.10164217021354,0.000164048895805498,0.286704767819578,0.287223655955754,357,-4.84554723295795e-05,1.89826642994095e-16,0,0.00989999999999991,0.000571153846153916,0.15,0.0106615384615385,0.150761538461538,-99,0.000140487334014758,1.07692307692309,1.00507692307692,3.87336006318482,3.87336006318482,1.01187692307692,0.24367992222784,0.322191528943185,0.245971089857458,0.199523258916076,0.318305344608064,0.323827270551623,0.323827270551666,0.244614443103835,0.0562341325190349,"Pembrolizumab","mPD-1","mPD-L1",1,32,364,21,26.2425951755496,0.0519031141868512,1.15882352941176,0.2,2.2,TRUE,TRUE,TRUE,FALSE,TRUE,TRUE,TRUE,TRUE
"34",0,0,3.48,0.228448275862069,0.195812807881773,0.0099,0.15,0.0632183908045977,6,6,6,8,0,1,8.16,0.423529411764706,5,1,0.000571153846153846,0.0099,0.15,0.0106289713952559,0.00169681333425035,0.150630857702285,6.02978784374713,9.81136929710226e-05,0.171395286287914,0.171781549982935,357,-6.81349526307507e-05,1.89826642994095e-16,0,0.00989999999999991,0.000571153846153916,0.15,0.0106615384615385,0.150761538461538,-99,8.82923126554504e-05,1.07692307692309,1.00507692307692,6.88791644802863,6.88791644802863,1.01187692307692,0.153390138832066,0.181181611351015,0.154585867275517,0.134855851797225,0.18034214039622,0.182101456454773,0.182101456454797,0.154048923178669,0.1,"Pembrolizumab","mPD-1","mPD-L1",1,33,364,21,46.6666666666667,0.0519031141868512,1.15882352941176,0.2,2.2,TRUE,TRUE,TRUE,FALSE,TRUE,TRUE,TRUE,TRUE
"35",0,0,3.48,0.228448275862069,0.195812807881773,0.0099,0.15,0.0632183908045977,6,6,6,8,0,1,8.16,0.423529411764706,5,1,0.000571153846153846,0.0099,0.15,0.0106427128795769,0.000980692399383214,0.150685989856038,11.3465319596141,5.67230235389469e-05,0.0990598383215367,0.0993130378459676,357,-7.93420390490203e-05,1.89826642994095e-16,0,0.00989999999999991,0.000571153846153916,0.15,0.0106615384615385,0.150761538461538,-99,5.31663247118801e-05,1.07692307692309,1.00507692307692,12.2486399975978,12.2486399975978,1.01187692307692,0.0924650245007143,0.101885907427253,0.0930858210443579,0.085549030140117,0.101844467373218,0.10240317434187,0.102403174341883,0.0928908558368552,0.177827941003892,"Pembrolizumab","mPD-1","mPD-L1",1,34,364,21,82.9863724684831,0.0519031141868512,1.15882352941176,0.2,2.2,TRUE,TRUE,TRUE,FALSE,TRUE,TRUE,TRUE,TRUE
"36",0,0,3.48,0.228448275862069,0.195812807881773,0.0099,0.15,0.0632183908045977,6,6,6,8,0,1,8.16,0.423529411764706,5,1,0.000571153846153846,0.0099,0.15,0.0106508162112481,0.00055849148722975,0.150718507164163,20.8701949997954,3.23090470848283e-05,0.0564132815383585,0.0565680285660294,357,-8.49668610751868e-05,1.89826642994095e-16,0,0.00989999999999991,0.000571153846153916,0.15,0.0106615384615385,0.150761538461538,-99,3.11375573698228e-05,1.07692307692309,1.00507692307692,21.7815043087073,21.7815043087073,1.01187692307692,0.0541898664339582,0.0572946562008625,0.0545169354623093,0.0518420719411801,0.0574084352154299,0.0575855367631055,0.0575855367631131,0.0544500040529692,0.316227766016838,"Pembrolizumab","mPD-1","mPD-L1",1,35,364,21,147.572957474524,0.0519031141868512,1.15882352941176,0.2,2.2,TRUE,TRUE,TRUE,FALSE,TRUE,TRUE,TRUE,TRUE
"37",0,0,3.48,0.228448275862069,0.195812807881773,0.0099,0.15,0.0632183908045977,6,6,6,8,0,1,8.16,0.423529411764706,5,1,0.000571153846153846,0.0099,0.15,0.0106554713242113,0.000315994509741238,0.150737188850887,37.8466334379819,1.82824733247886e-05,0.0319186373475998,0.0320097176056905,357,-8.77542521372026e-05,1.89826642994095e-16,0,0.00989999999999991,0.000571153846153916,0.15,0.0106615384615385,0.150761538461538,-99,1.7928050175597e-05,1.07692307692309,1.00507692307692,38.7336006318482,38.7336006318482,1.01187692307692,0.0312134809783143,0.0322191528943185,0.0313891787586172,0.0304835841580105,0.0323266471449247,0.0323827270551623,0.0323827270551666,0.0313669787439558,0.562341325190349,"Pembrolizumab","mPD-1","mPD-L1",1,36,364,21,262.425951755496,0.0519031141868512,1.15882352941176,0.2,2.2,TRUE,TRUE,TRUE,FALSE,TRUE,TRUE,TRUE,TRUE
"38",0,0,3.48,0.228448275862069,0.195812807881773,0.0099,0.15,0.0632183908045977,6,6,6,8,0,1,8.16,0.423529411764706,5,1,0.000571153846153846,0.0099,0.15,0.0106581158043265,0.000178253465916454,0.150747801950454,68.0588638396846,1.03138538721125e-05,0.0180054005976217,0.0180579259713755,357,-8.91734903024967e-05,1.89826642994095e-16,0,0.00989999999999991,0.000571153846153916,0.15,0.0106615384615385,0.150761538461538,-99,1.02189028493132e-05,1.07692307692309,1.00507692307692,68.8791644802863,68.8791644802863,1.01187692307692,0.0177957351383474,0.0181181611351015,0.0178916817563711,0.0175937630686,0.0181923981693896,0.0182101456454773,0.0182101456454797,0.0178844668984669,1,"Pembrolizumab","mPD-1","mPD-L1",1,37,364,21,466.666666666667,0.0519031141868512,1.15882352941176,0.2,2.2,TRUE,TRUE,TRUE,FALSE,TRUE,TRUE,TRUE,TRUE
"39",0,0,3.48,0.228448275862069,0.195812807881773,0.0099,0.15,0.0632183908045977,6,6,6,8,0,1,8.16,0.423529411764706,5,1,0.000571153846153846,0.0099,0.15,0.0106596105160239,0.000100405376503353,0.150753800789611,121.797930011693,5.80972641305753e-06,0.0101419572225609,0.0101719115649492,357,-8.991963604142e-05,1.89826642994095e-16,0,0.00989999999999991,0.000571153846153916,0.15,0.0106615384615385,0.150761538461538,-99,5.79083378525931e-06,1.07692307692309,1.00507692307692,122.486399975978,122.486399975978,1.01187692307692,0.0100858303450391,0.0101885907427253,0.0101388335634157,0.0100424692245979,0.0102347027946087,0.010240317434187,0.0102403174341883,0.0101365162897049,1.77827941003892,"Pembrolizumab","mPD-1","mPD-L1",1,38,364,21,829.863724684831,0.0519031141868512,1.15882352941176,0.2,2.2,TRUE,TRUE,TRUE,FALSE,TRUE,TRUE,TRUE,TRUE
"40",0,0,3.48,0.228448275862069,0.195812807881773,0.0099,0.15,0.0632183908045977,6,6,6,8,0,1,8.16,0.423529411764706,5,1,0.000571153846153846,0.0099,0.15,0.0106604533064415,5.65128125947371e-05,0.150757183255325,217.368509401816,3.27005111643572e-06,0.00570836490855931,0.00572534202204234,357,-9.03219239186169e-05,1.89826642994095e-16,0,0.00989999999999991,0.000571153846153916,0.15,0.0106615384615385,0.150761538461538,-99,3.27061075443336e-06,1.07692307692309,1.00507692307692,217.815043087073,217.815043087073,1.01187692307692,0.00569682585222232,0.00572946562008625,0.00572632185961327,0.00569545503000871,0.00575677774522224,0.00575855367631055,0.00575855367631131,0.005725582601572,3.16227766016838,"Pembrolizumab","mPD-1","mPD-L1",1,39,364,21,1475.72957474524,0.0519031141868512,1.15882352941176,0.2,2.2,TRUE,TRUE,TRUE,FALSE,TRUE,TRUE,TRUE,TRUE
"41",0,0,3.48,0.228448275862069,0.195812807881773,0.0099,0.15,0.0632183908045977,6,6,6,8,0,1,8.16,0.423529411764706,5,1,0.000571153846153846,0.0099,0.15,0.0106609279265226,3.1795205846335e-05,0.150759088110954,387.323933983938,1.83981556824672e-06,0.00321163695417525,0.00322122591073501,357,-9.05425247578267e-05,1.89826642994095e-16,0,0.00989999999999991,0.000571153846153916,0.15,0.0106615384615385,0.150761538461538,-99,1.84371607474236e-06,1.07692307692309,1.00507692307692,387.336006318482,387.336006318482,1.01187692307692,0.00321156788974483,0.00322191528943185,0.0032280550803566,0.00321822301141889,0.00323771103098445,0.00323827270551623,0.00323827270551666,0.00322782014364717,5.62341325190349,"Pembrolizumab","mPD-1","mPD-L1",1,40,364,21,2624.25951755496,0.0519031141868512,1.15882352941176,0.2,2.2,TRUE,TRUE,TRUE,FALSE,TRUE,TRUE,TRUE,TRUE
"42",0,0,3.48,0.228448275862069,0.195812807881773,0.0099,0.15,0.0632183908045977,6,6,6,8,0,1,8.16,0.423529411764706,5,1,0.000571153846153846,0.0099,0.15,0.0106611950363366,1.78846702443524e-05,0.150760160141023,689.554548752621,1.03489531342013e-06,0.00180653234791439,0.00181193792248642,357,-9.06647733585908e-05,1.89826642994095e-16,0,0.00989999999999991,0.000571153846153916,0.15,0.0106615384615385,0.150761538461538,-99,1.03823146712308e-06,1.07692307692309,1.00507692307692,688.791644802863,688.791644802863,1.01187692307692,0.00180853937273272,0.00181181611351015,0.00181777899967655,0.00181465706732021,0.00182083693398114,0.00182101456454773,0.00182101456454797,0.00181770449818274,10,"Pembrolizumab","mPD-1","mPD-L1",1,41,364,21,4666.66666666667,0.0519031141868512,1.15882352941176,0.2,2.2,TRUE,TRUE,TRUE,FALSE,TRUE,TRUE,TRUE,TRUE
"43",0,0,3.48,0.228448275862069,0.195812807881773,0.0099,0.15,0.0632183908045977,6,6,6,8,0,1,8.16,0.423529411764706,5,1,0.000571153846153846,0.0099,0.15,0.0106613453091511,1.00588321948301e-05,0.150760763253323,1227.00636894185,5.82055828404614e-07,0.00101604365604344,0.00101908764569158,357,-9.0732943556005e-05,1.89826642994095e-16,0,0.00989999999999991,0.000571153846153916,0.15,0.0106615384615385,0.150761538461538,-99,5.84294823450644e-07,1.07692307692309,1.00507692307692,1224.86399975978,1224.86399975978,1.01187692307692,0.00101782205703372,0.00101885907427253,0.00102300777169797,0.00102201824976131,0.0010239755693033,0.0010240317434187,0.00102403174341883,0.00102298417515046,17.7827941003892,"Pembrolizumab","mPD-1","mPD-L1",1,42,364,21,8298.63724684831,0.0519031141868512,1.15882352941176,0.2,2.2,TRUE,TRUE,TRUE,FALSE,TRUE,TRUE,TRUE,TRUE
"44",0,0,3.48,0.228448275862069,0.195812807881773,0.0099,0.15,0.0632183908045977,6,6,6,8,0,1,8.16,0.423529411764706,5,1,0.000571153846153846,0.0099,0.15,0.0106614298344524,5.65698314072519e-06,0.1507611024916,2182.74662901337,3.2734285196742e-07,0.00057141243845709,0.000573125532064169,357,-9.07710957886656e-05,1.89826642994095e-16,0,0.00989999999999991,0.000571153846153916,0.15,0.0106615384615385,0.150761538461538,-99,3.28716982727578e-07,1.07692307692309,1.00507692307692,2178.15043087073,2178.15043087073,1.01187692307692,0.000572618482217896,0.000572946562008625,0.000575531417570101,0.00057521809663103,0.000575837603389548,0.000575855367631055,0.000575855367631131,0.000575523949075855,31.6227766016838,"Pembrolizumab","mPD-1","mPD-L1",1,43,364,21,14757.2957474524,0.0519031141868512,1.15882352941176,0.2,2.2,TRUE,TRUE,TRUE,FALSE,TRUE,TRUE,TRUE,TRUE
"45",0,0,3.48,0.228448275862069,0.195812807881773,0.0099,0.15,0.0632183908045977,6,6,6,8,0,1,8.16,0.423529411764706,5,1,0.000571153846153846,0.0099,0.15,0.0106614773730357,3.181308792361e-06,0.150761293285532,3882.32027914093,1.84087503677128e-07,0.000321344322460708,0.000322308087246149,357,-9.07924924443475e-05,1.89826642994095e-16,0,0.00989999999999991,0.000571153846153916,0.15,0.0106615384615385,0.150761538461538,-99,1.848966665113e-07,1.07692307692309,1.00507692307692,3873.36006318482,3873.36006318482,1.01187692307692,0.000322087754996948,0.000322191528943185,0.000323724803319409,0.000323625650115008,0.000323821652929372,0.000323827270551623,0.000323827270551666,0.000323722440397376,56.2341325190349,"Pembrolizumab","mPD-1","mPD-L1",1,44,364,21,26242.5951755496,0.0519031141868512,1.15882352941176,0.2,2.2,TRUE,TRUE,TRUE,FALSE,TRUE,TRUE,TRUE,TRUE
"46",0,0,3.48,0.228448275862069,0.195812807881773,0.0099,0.15,0.0632183908045977,6,6,6,8,0,1,8.16,0.423529411764706,5,1,0.000571153846153846,0.0099,0.15,0.0106615041080003,1.78902985226564e-06,0.150761400585118,6904.63734563851,1.03522882100249e-07,0.000180710086087438,0.000181252184148585,357,-9.08045062790099e-05,1.89826642994095e-16,0,0.00989999999999991,0.000571153846153916,0.15,0.0106615384615385,0.150761538461538,-99,1.03989437592138e-07,1.07692307692309,1.00507692307692,6887.91644802863,6887.91644802863,1.01187692307692,0.000181148790521254,0.000181181611351015,0.000182069048982846,0.000182037681096128,0.000182099679993151,0.000182101456454773,0.000182101456454797,0.000182068301551911,100,"Pembrolizumab","mPD-1","mPD-L1",1,45,364,21,46666.6666666667,0.0519031141868512,1.15882352941176,0.2,2.2,TRUE,TRUE,TRUE,FALSE,TRUE,TRUE,TRUE,TRUE
"47",0,0,3.48,0.228448275862069,0.195812807881773,0.0099,0.15,0.0632183908045977,6,6,6,8,0,1,8.16,0.423529411764706,5,1,0.000571153846153846,0.0099,0.15,0.0106615191428245,1.00606072887339e-06,0.150761460926722,12279.1616898037,5.82161021083566e-08,0.000101622295845797,0.000101927182142577,357,-9.08112563485048e-05,1.89826642994095e-16,0,0.00989999999999991,0.000571153846153916,0.15,0.0106615384615385,0.150761538461538,-99,5.84821131618216e-08,1.07692307692309,1.00507692307692,12248.6399975978,12248.6399975978,1.01187692307692,0.000101875527746664,0.000101885907427253,0.000102392925401157,0.000102383003710999,0.000102402612572981,0.00010240317434187,0.000102403174341883,0.0001023926890055,177.827941003892,"Pembrolizumab","mPD-1","mPD-L1",1,46,364,21,82986.3724684831,0.0519031141868512,1.15882352941176,0.2,2.2,TRUE,TRUE,TRUE,FALSE,TRUE,TRUE,TRUE,TRUE
"48",0,0,3.48,0.228448275862069,0.195812807881773,0.0099,0.15,0.0632183908045977,6,6,6,8,0,1,8.16,0.423529411764706,5,1,0.000571153846153846,0.0099,0.15,0.0106615275977325,5.65754363405293e-07,0.150761494860126,21836.567745254,3.27376068466179e-08,5.71469053944741e-05,5.73183688897013e-05,357,-9.0815050390795e-05,1.89826642994095e-16,0,0.00989999999999991,0.000571153846153916,0.15,0.0106615384615385,0.150761538461538,-99,3.28883496145966e-08,1.07692307692309,1.00507692307692,21781.5043087073,21781.5043087073,1.01187692307692,5.72913737113024e-05,5.72946562008625e-05,5.75822956215089e-05,5.75791576996472e-05,5.75853591157583e-05,5.75855367631055e-05,5.75855367631131e-05,5.75822208600168e-05,316.227766016838,"Pembrolizumab","mPD-1","mPD-L1",1,47,364,21,147572.957474524,0.0519031141868512,1.15882352941176,0.2,2.2,TRUE,TRUE,TRUE,FALSE,TRUE,TRUE,TRUE,TRUE
"49",0,0,3.48,0.228448275862069,0.195812807881773,0.0099,0.15,0.0632183908045977,6,6,6,8,0,1,8.16,0.423529411764706,5,1,0.000571153846153846,0.0099,0.15,0.0106615323523415,3.18148588636249e-07,0.150761513942542,38832.3061894889,1.84097999055341e-08,3.21362210743685e-05,3.22326462992516e-05,357,-9.08171832860846e-05,1.89826642994095e-16,0,0.00989999999999991,0.000571153846153916,0.15,0.0106615384615385,0.150761538461538,-99,1.84949336942551e-08,1.07692307692309,1.00507692307692,38733.6006318482,38733.6006318482,1.01187692307692,3.221811485395e-05,3.22191528943185e-05,3.23817020909478e-05,3.23807097203715e-05,3.23826708780627e-05,3.23827270551623e-05,3.23827270551666e-05,3.23816784481118e-05,562.341325190349,"Pembrolizumab","mPD-1","mPD-L1",1,48,364,21,262425.951755496,0.0519031141868512,1.15882352941176,0.2,2.2,TRUE,TRUE,TRUE,FALSE,TRUE,TRUE,FALSE,FALSE
"50",0,0,3.48,0.228448275862069,0.195812807881773,0.0099,0.15,0.0632183908045977,6,6,6,8,0,1,8.16,0.423529411764706,5,1,0.000571153846153846,0.0099,0.15,0.010661535026075,1.78908582770596e-07,0.150761524673455,69055.4779471303,1.03526199500425e-08,1.80715740172319e-05,1.81257992391317e-05,357,-9.08183825381828e-05,1.89826642994095e-16,0,0.00989999999999991,0.000571153846153916,0.15,0.0106615384615385,0.150761538461538,-99,1.04006095982638e-08,1.07692307692309,1.00507692307692,68879.1644802863,68879.1644802863,1.01187692307692,1.81178328732861e-05,1.81181611351015e-05,1.82098215188435e-05,1.82095076908095e-05,1.82101278807052e-05,1.82101456454773e-05,1.82101456454797e-05,1.82098140421139e-05,1000,"Pembrolizumab","mPD-1","mPD-L1",1,49,364,21,466666.666666667,0.0519031141868512,1.15882352941176,0.2,2.2,TRUE,TRUE,TRUE,FALSE,TRUE,TRUE,FALSE,FALSE
"51",0,0,3.486,0.139,0.187,0.00012,0.4,0.0584,10,6,0.03,8,0,1,10,0.02,5,1,1.84615384615385e-05,0.00012,0.4,0.000567411515781136,0.000120048837274095,0.399999989915494,0.0709987619611718,1.8469084233854e-05,1.00040697728413,1.00040872933376,357,4.86427032211659e-09,0,0,0.000120000000000013,1.84615384615228e-05,0.4,0.0449230769230769,0.400024615384615,-99,0.00163014126904252,374.358974358935,1.00006153846154,0.0709794714170116,0.0709794714170116,0.0230769230769231,0.991823805690286,121.306290936845,88.2993187398782,0.989203675987954,115.552871220049,121.31375593948,121.313755939365,0.991824304696393,0.001,"Siltuximab","sIL-6","mIL-6R",5,50,364,21,0.466666666666667,0.002,0.023,0.2,1.006,FALSE,FALSE,TRUE,FALSE,TRUE,TRUE,TRUE,FALSE
"52",0,0,3.486,0.139,0.187,0.00012,0.4,0.0584,10,6,0.03,8,0,1,10,0.02,5,1,1.84615384615385e-05,0.00012,0.4,0.000900006360323316,0.000120063063670336,0.399999987073343,0.126255287875603,1.84712366880663e-05,1.00052553058613,1.00052532060359,357,2.91970785538029e-09,0,0,0.000120000000000013,1.84615384615228e-05,0.4,0.0449230769230769,0.400024615384615,-99,0.00104064119940041,374.358974358935,1.00006153846154,0.126221332556318,0.126221332556318,0.0230769230769231,0.985552377483,68.2155403993517,56.36806496757,0.982965616094288,66.3593209470329,68.219738278826,68.2197382787608,0.985553253669166,0.00177827941003892,"Siltuximab","sIL-6","mIL-6R",5,51,364,21,0.829863724684831,0.002,0.023,0.2,1.006,FALSE,TRUE,TRUE,FALSE,TRUE,TRUE,TRUE,FALSE
"53",0,0,3.486,0.139,0.187,0.00012,0.4,0.0584,10,6,0.03,8,0,1,10,0.02,5,1,1.84615384615385e-05,0.00012,0.4,0.00148753155533185,0.00012002747278263,0.399999994782569,0.224516685359575,1.84655653205657e-05,1.00022893985525,1.00021812153064,357,-1.62645440278453e-08,0,0,0.000120000000000013,1.84615384615228e-05,0.4,0.0449230769230769,0.400024615384615,-99,0.000633351502701384,374.358974358935,1.00006153846154,0.224456796792576,0.224456796792576,0.0230769230769231,0.974593765351261,38.3604173867472,34.3065397296875,0.972064799434228,37.7673558271842,38.3627780278538,38.3627780278172,0.974595288998828,0.00316227766016838,"Siltuximab","sIL-6","mIL-6R",5,52,364,21,1.47572957474524,0.002,0.023,0.2,1.006,FALSE,TRUE,TRUE,FALSE,TRUE,TRUE,TRUE,FALSE
"54",0,0,3.486,0.139,0.187,0.00012,0.4,0.0584,10,6,0.03,8,0,1,10,0.02,5,1,1.84615384615385e-05,0.00012,0.4,0.00251532509297621,0.000119753231169637,0.400000052510678,0.399255119950013,1.84226657959415e-05,0.99794359308031,0.997894397280162,357,-1.02507572943351e-07,0,0,0.000120000000000013,1.84615384615228e-05,0.4,0.0449230769230769,0.400024615384615,-99,0.000373440796717223,374.358974358935,1.00006153846154,0.399146900179528,0.399146900179528,0.0230769230769231,0.955696633125834,21.5716479481183,20.2280431555334,0.953265800585074,21.383398639557,21.5729754341665,21.5729754341459,0.955699238546669,0.00562341325190349,"Siltuximab","sIL-6","mIL-6R",5,53,364,21,2.62425951755496,0.002,0.023,0.2,1.006,FALSE,TRUE,TRUE,FALSE,TRUE,TRUE,TRUE,FALSE
"55",0,0,3.486,0.139,0.187,0.00012,0.4,0.0584,10,6,0.03,8,0,1,10,0.02,5,1,1.84615384615385e-05,0.00012,0.4,0.00427224740757699,0.000118625725650611,0.40000028790409,0.710007785678239,1.82472219915727e-05,0.988547713755091,0.988391191210188,357,-3.74829253416986e-07,0,0,0.000120000000000013,1.84615384615228e-05,0.4,0.0449230769230769,0.400024615384615,-99,0.00021589182747928,374.358974358935,1.00006153846154,0.709794714170116,0.709794714170116,0.0230769230769231,0.923842186626003,12.1306290936845,11.6941406551376,0.921572391223522,12.0711946912083,12.131375593948,12.1313755939365,0.923846516090686,0.01,"Siltuximab","sIL-6","mIL-6R",5,54,364,21,4.66666666666667,0.002,0.023,0.2,1.006,FALSE,TRUE,TRUE,FALSE,TRUE,TRUE,TRUE,FALSE
"56",0,0,3.486,0.139,0.187,0.00012,0.4,0.0584,10,6,0.03,8,0,1,10,0.02,5,1,1.84615384615385e-05,0.00012,0.4,0.00713487785093957,0.00011515996441196,0.400001007261662,1.26270950928829,1.77099534194304e-05,0.959666370099666,0.959289143552482,357,-1.00554641357548e-06,0,0,0.000120000000000013,1.84615384615228e-05,0.4,0.0449230769230769,0.400024615384615,-99,0.000123350622423457,374.358974358935,1.00006153846154,1.26221332556318,1.26221332556318,0.0230769230769231,0.872148169673927,6.82155403993517,6.68149204794296,0.870127993350554,6.8029015472078,6.8219738278826,6.82197382787609,0.872155031197345,0.0177827941003892,"Siltuximab","sIL-6","mIL-6R",5,55,364,21,8.29863724684831,0.002,0.023,0.2,1.006,FALSE,TRUE,TRUE,FALSE,TRUE,TRUE,TRUE,FALSE
"57",0,0,3.486,0.139,0.187,0.00012,0.4,0.0584,10,6,0.03,8,0,1,10,0.02,5,1,1.84615384615385e-05,0.00012,0.4,0.0114256534977526,0.000107064208036794,0.400002679485532,2.24591882144559,1.64588576553507e-05,0.892201733639951,0.891521456331498,357,-2.0090274316771e-06,0,0,0.000120000000000013,1.84615384615228e-05,0.4,0.0449230769230769,0.400024615384615,-99,6.99959916646808e-05,374.358974358935,1.00006153846154,2.24456796792576,2.24456796792576,0.0230769230769231,0.793219319841098,3.83604173867472,3.79144954850676,0.791552295699075,3.83023922946948,3.83627780278538,3.83627780278172,0.793229413036442,0.0316227766016838,"Siltuximab","sIL-6","mIL-6R",5,56,364,21,14.7572957474524,0.002,0.023,0.2,1.006,FALSE,TRUE,TRUE,FALSE,TRUE,TRUE,TRUE,FALSE
"58",0,0,3.486,0.139,0.187,0.00012,0.4,0.0584,10,6,0.03,8,0,1,10,0.02,5,1,1.84615384615385e-05,0.00012,0.4,0.0171203333609213,9.27802124033673e-05,0.400005618667648,3.99527213255995,1.42568934526967e-05,0.773168436694727,0.772248395354404,357,-3.10205039685794e-06,0,0,0.000120000000000013,1.84615384615228e-05,0.4,0.0449230769230769,0.400024615384615,-99,3.95639766186747e-05,374.358974358935,1.00006153846154,3.99146900179528,3.99146900179528,0.0230769230769231,0.683260119445365,2.15716479481183,2.14304873351337,0.682028686575146,2.15538666245007,2.15729754341665,2.15729754341459,0.683273436776406,0.0562341325190349,"Siltuximab","sIL-6","mIL-6R",5,57,364,21,26.2425951755496,0.002,0.023,0.2,1.006,FALSE,TRUE,TRUE,FALSE,TRUE,TRUE,TRUE,FALSE
"59",0,0,3.486,0.139,0.187,0.00012,0.4,0.0584,10,6,0.03,8,0,1,10,0.02,5,1,1.84615384615385e-05,0.00012,0.4,0.0236105424790281,7.35172265779343e-05,0.400009571716496,7.10794733740104,1.12925484544336e-05,0.612643554816119,0.611679707948484,357,-3.87781003175265e-06,0,0,0.000120000000000013,1.84615384615228e-05,0.4,0.0449230769230769,0.400024615384615,-99,2.23129592706519e-05,374.358974358935,1.00006153846154,7.09794714170116,7.09794714170116,0.0230769230769231,0.54813756275669,1.21306290936845,1.20861862716134,0.54735139769084,1.21253305142767,1.2131375593948,1.21313755939365,0.548152804259497,0.1,"Siltuximab","sIL-6","mIL-6R",5,58,364,21,46.6666666666667,0.002,0.023,0.2,1.006,FALSE,TRUE,TRUE,FALSE,TRUE,TRUE,TRUE,FALSE
"60",0,0,3.486,0.139,0.187,0.00012,0.4,0.0584,10,6,0.03,8,0,1,10,0.02,5,1,1.84615384615385e-05,0.00012,0.4,0.0298765509886355,5.30858580727543e-05,0.400013757375701,12.6458782999929,8.15187263755109e-06,0.442382150606285,0.441559767867351,357,-3.995282856115e-06,0,0,0.000120000000000013,1.84615384615228e-05,0.4,0.0449230769230769,0.400024615384615,-99,1.25679883837619e-05,374.358974358935,1.00006153846154,12.6221332556318,12.6221332556318,0.0230769230769231,0.405524603953979,0.682155403993517,0.680766037454347,0.405100624365996,0.682006178885405,0.68219738278826,0.682197382787609,0.405539438931431,0.177827941003892,"Siltuximab","sIL-6","mIL-6R",5,59,364,21,82.9863724684831,0.002,0.023,0.2,1.006,FALSE,TRUE,TRUE,FALSE,TRUE,TRUE,TRUE,FALSE
"61",0,0,3.486,0.139,0.187,0.00012,0.4,0.0584,10,6,0.03,8,0,1,10,0.02,5,1,1.84615384615385e-05,0.00012,0.4,0.0350465232510713,3.53420857093784e-05,0.400017388762973,22.4969849564854,5.42610902160624e-06,0.294517380911486,0.293914238670338,357,-3.23718791888958e-06,0,0,0.000120000000000013,1.84615384615228e-05,0.4,0.0449230769230769,0.400024615384615,-99,7.07399507301628e-06,374.358974358935,1.00006153846154,22.4456796792576,22.4456796792576,0.0230769230769231,0.277249939767973,0.383604173867472,0.383174733122041,0.277057086040237,0.383567308877733,0.383627780278538,0.383627780278172,0.277262270782858,0.316227766016838,"Siltuximab","sIL-6","mIL-6R",5,60,364,21,147.572957474524,0.002,0.023,0.2,1.006,TRUE,TRUE,TRUE,FALSE,TRUE,TRUE,TRUE,TRUE
"62",0,0,3.486,0.139,0.187,0.00012,0.4,0.0584,10,6,0.03,8,0,1,10,0.02,5,1,1.84615384615385e-05,0.00012,0.4,0.0387931851905312,2.21204211348679e-05,0.400020093105158,40.0178633179449,3.39577681747715e-06,0.184336842790566,0.183937910946679,357,-1.7698229671904e-06,0,0,0.000120000000000013,1.84615384615228e-05,0.4,0.0449230769230769,0.400024615384615,-99,3.98005687689536e-06,374.358974358935,1.00006153846154,39.9146900179528,39.9146900179528,0.0230769230769231,0.177439792190069,0.215716479481183,0.215586414165348,0.177364706993777,0.215710630286344,0.215729754341665,0.215729754341459,0.177448773932753,0.562341325190349,"Siltuximab","sIL-6","mIL-6R",5,61,364,21,262.425951755496,0.002,0.023,0.2,1.006,TRUE,TRUE,TRUE,FALSE,TRUE,TRUE,TRUE,TRUE
"63",0,0,3.486,0.139,0.187,0.00012,0.4,0.0584,10,6,0.03,8,0,1,10,0.02,5,1,1.84615384615385e-05,0.00012,0.4,0.0412623351394114,1.32733827476846e-05,0.400021902078747,71.1770866578292,2.0374993163328e-06,0.110611522897372,0.11036454630136,357,-1.30020066846908e-07,0,0,0.000120000000000013,1.84615384615228e-05,0.4,0.0449230769230769,0.400024615384615,-99,2.2388015004999e-06,374.358974358935,1.00006153846154,70.9794714170116,70.9794714170116,0.0230769230769231,0.108183011115986,0.121306290936845,0.121268414610514,0.108157692853258,0.121307708147549,0.12131375593948,0.121313755939365,0.108188948273212,1,"Siltuximab","sIL-6","mIL-6R",5,62,364,21,466.666666666667,0.002,0.023,0.2,1.006,TRUE,TRUE,TRUE,FALSE,TRUE,TRUE,TRUE,TRUE
"64",0,0,3.486,0.139,0.187,0.00012,0.4,0.0584,10,6,0.03,8,0,1,10,0.02,5,1,1.84615384615385e-05,0.00012,0.4,0.0427896946088676,7.75466123100904e-06,0.400023030298577,126.58840038503,1.19031363898319e-06,0.0646221769250754,0.0644753221115893,357,1.24300161153303e-06,0,0,0.000120000000000013,1.84615384615228e-05,0.4,0.0449230769230769,0.400024615384615,-99,1.25917657376923e-06,374.358974358935,1.00006153846154,126.221332556318,126.221332556318,0.0230769230769231,0.0638593409470989,0.0682155403993517,0.068205397745891,0.0638521277278794,0.0682178257573661,0.068219738278826,0.0682197382787608,0.063863019783443,1.77827941003892,"Siltuximab","sIL-6","mIL-6R",5,63,364,21,829.863724684831,0.002,0.023,0.2,1.006,TRUE,TRUE,TRUE,FALSE,TRUE,TRUE,TRUE,TRUE
"65",0,0,3.486,0.139,0.187,0.00012,0.4,0.0584,10,6,0.03,8,0,1,10,0.02,5,1,1.84615384615385e-05,0.00012,0.4,0.0436978421608321,4.45795427767676e-06,0.400023704192149,225.126151729144,6.84265004007531e-07,0.0371496189806397,0.0370643543837412,357,2.21391218952116e-06,0,0,0.000120000000000013,1.84615384615228e-05,0.4,0.0449230769230769,0.400024615384615,-99,7.08152173585439e-07,374.358974358935,1.00006153846154,224.456796792576,224.456796792576,0.0230769230769231,0.0369432585684355,0.0383604173867472,0.0383582427359106,0.0369418024485522,0.0383621732280444,0.0383627780278538,0.0383627780278172,0.0369454480067942,3.16227766016838,"Siltuximab","sIL-6","mIL-6R",5,64,364,21,1475.72957474524,0.002,0.023,0.2,1.006,TRUE,TRUE,TRUE,FALSE,TRUE,TRUE,TRUE,TRUE
"66",0,0,3.486,0.139,0.187,0.00012,0.4,0.0584,10,6,0.03,8,0,1,10,0.02,5,1,1.84615384615385e-05,0.00012,0.4,0.0442251822937573,2.53863817381938e-06,0.400024096505105,400.354379614573,3.89658302278691e-07,0.0211553181151615,0.0211064913734291,357,2.83612771640744e-06,0,0,0.000120000000000013,1.84615384615228e-05,0.4,0.0449230769230769,0.400024615384615,-99,3.98243837071374e-07,374.358974358935,1.00006153846154,399.146900179528,399.146900179528,0.0230769230769231,0.021116138052036,0.0215716479481183,0.0215715411747178,0.0211162189831079,0.0215727841783543,0.0215729754341665,0.0215729754341459,0.0211174100655686,5.62341325190349,"Siltuximab","sIL-6","mIL-6R",5,65,364,21,2624.25951755496,0.002,0.023,0.2,1.006,TRUE,TRUE,TRUE,FALSE,TRUE,TRUE,TRUE,TRUE
"67",0,0,3.486,0.139,0.187,0.00012,0.4,0.0584,10,6,0.03,8,0,1,10,0.02,5,1,1.84615384615385e-05,0.00012,0.4,0.0445271990513594,1.43780734737536e-06,0.400024321510426,711.959464658367,2.20688990116715e-07,0.0119817278947947,0.0119539869646554,357,3.21294300427376e-06,0,0,0.000120000000000013,1.84615384615228e-05,0.4,0.0449230769230769,0.400024615384615,-99,2.23955483595301e-07,374.358974358935,1.00006153846154,709.794714170116,709.794714170116,0.0230769230769231,0.0119852405855427,0.0121306290936845,0.0121309220280891,0.0119855855758719,0.0121313151133151,0.012131375593948,0.0121313755939365,0.0119859692985187,10,"Siltuximab","sIL-6","mIL-6R",5,66,364,21,4666.66666666667,0.002,0.023,0.2,1.006,TRUE,TRUE,TRUE,FALSE,TRUE,TRUE,TRUE,TRUE
"68",0,0,3.486,0.139,0.187,0.00012,0.4,0.0584,10,6,0.03,8,0,1,10,0.02,5,1,1.84615384615385e-05,0.00012,0.4,0.0446988040329736,8.11806309097979e-07,0.400024449460174,1266.08056425207,1.24603605716568e-07,0.00676505257581649,0.00674936197631408,357,3.43390418041569e-06,0,0,0.000120000000000013,1.84615384615228e-05,0.4,0.0449230769230769,0.400024615384615,-99,1.25941484222981e-07,374.358974358935,1.00006153846154,1262.21332556318,1262.21332556318,0.0230769230769231,0.00677533572117447,0.00682155403993517,0.00682183039541729,0.00677562721117637,0.00682195470218544,0.0068219738278826,0.00682197382787608,0.0067757498398047,17.7827941003892,"Siltuximab","sIL-6","mIL-6R",5,67,364,21,8298.63724684831,0.002,0.023,0.2,1.006,TRUE,TRUE,TRUE,FALSE,TRUE,TRUE,TRUE,TRUE
"69",0,0,3.486,0.139,0.187,0.00012,0.4,0.0584,10,6,0.03,8,0,1,10,0.02,5,1,1.84615384615385e-05,0.00012,0.4,0.0447958708048145,4.57551734925846e-07,0.400024521866323,2251.46281611298,7.02291466121904e-08,0.00381293112438205,0.00380407877482698,357,3.56112889348068e-06,0,0,0.000120000000000013,1.84615384615228e-05,0.4,0.0449230769230769,0.400024615384615,-99,7.08227528314462e-08,374.358974358935,1.00006153846154,2244.56796792576,2244.56796792576,0.0230769230769231,0.00382138275492737,0.00383604173867472,0.00383623244503993,0.00382157800834029,0.00383627175470147,0.00383627780278538,0.00383627780278172,0.00382161701824389,31.6227766016838,"Siltuximab","sIL-6","mIL-6R",5,68,364,21,14757.2957474524,0.002,0.023,0.2,1.006,TRUE,TRUE,TRUE,FALSE,TRUE,TRUE,TRUE,TRUE
"70",0,0,3.486,0.139,0.187,0.00012,0.4,0.0584,10,6,0.03,8,0,1,10,0.02,5,1,1.84615384615385e-05,0.00012,0.4,0.0448506357637577,2.57630064107595e-07,0.400024562728112,4003.74784779005,3.95433229630721e-08,0.00214691720089662,0.00214192999383307,357,3.63363034332903e-06,0,0,0.000120000000000013,1.84615384615228e-05,0.4,0.0449230769230769,0.400024615384615,-99,3.98267667685307e-08,374.358974358935,1.00006153846154,3991.46900179528,3991.46900179528,0.0230769230769231,0.00215252145131698,0.00215716479481183,0.00215728319996391,0.00215264125159061,0.00215729563084327,0.00215729754341665,0.00215729754341459,0.00215265362902886,56.2341325190349,"Siltuximab","sIL-6","mIL-6R",5,69,364,21,26242.5951755496,0.002,0.023,0.2,1.006,TRUE,TRUE,TRUE,FALSE,TRUE,TRUE,TRUE,TRUE
"71",0,0,3.486,0.139,0.187,0.00012,0.4,0.0584,10,6,0.03,8,0,1,10,0.02,5,1,1.84615384615385e-05,0.00012,0.4,0.0448814896045225,1.44980524142873e-07,0.400024585752365,7119.80027524621,2.22528667880226e-08,0.00120817103452395,0.00120536361768456,357,3.67470782446554e-06,0,0,0.000120000000000013,1.84615384615228e-05,0.4,0.0449230769230769,0.400024615384615,-99,2.23963019738318e-08,374.358974358935,1.00006153846154,7097.94714170116,7097.94714170116,0.0230769230769231,0.00121159317063192,0.00121306290936845,0.00121313302358359,0.00121166371838564,0.00121313695458576,0.0012131375593948,0.00121313755939365,0.00121166763987022,100,"Siltuximab","sIL-6","mIL-6R",5,70,364,21,46666.6666666667,0.002,0.023,0.2,1.006,TRUE,TRUE,TRUE,FALSE,TRUE,TRUE,TRUE,TRUE
"72",0,0,3.486,0.139,0.187,0.00012,0.4,0.0584,10,6,0.03,8,0,1,10,0.02,5,1,1.84615384615385e-05,0.00012,0.4,0.0448988581355265,8.15616183896444e-08,0.400024598714426,12661.0121673713,1.25187785960812e-08,0.000679680153247036,0.000678100507287733,357,3.69790405793503e-06,0,0,0.000120000000000013,1.84615384615228e-05,0.4,0.0449230769230769,0.400024615384615,-99,1.25943867403548e-08,374.358974358935,1.00006153846154,12622.1332556318,12622.1332556318,0.0230769230769231,0.000681690385213393,0.000682155403993517,0.000682195948436466,0.000681731065392103,0.000682197191530806,0.00068219738278826,0.000682197382787609,0.000681732306792153,177.827941003892,"Siltuximab","sIL-6","mIL-6R",5,71,364,21,82986.3724684831,0.002,0.023,0.2,1.006,TRUE,TRUE,TRUE,FALSE,TRUE,TRUE,FALSE,FALSE
"73",0,0,3.486,0.139,0.187,0.00012,0.4,0.0584,10,6,0.03,8,0,1,10,0.02,5,1,1.84615384615385e-05,0.00012,0.4,0.0449086309222471,4.58759350644438e-08,0.400024606008143,22514.8351929481,7.04143140410851e-09,0.000382299458870365,0.000381410867722544,357,3.71097952780076e-06,0,0,0.000120000000000013,1.84615384615228e-05,0.4,0.0449230769230769,0.400024615384615,-99,7.08235064669411e-09,374.358974358935,1.00006153846154,22445.6796792576,22445.6796792576,0.0230769230769231,0.000383457078131802,0.000383604173867472,0.000383627326696257,0.000383480273641647,0.000383627719797613,0.000383627780278538,0.000383627780278172,0.000383480666441325,316.227766016838,"Siltuximab","sIL-6","mIL-6R",5,72,364,21,147572.957474524,0.002,0.023,0.2,1.006,TRUE,TRUE,TRUE,FALSE,TRUE,TRUE,FALSE,FALSE
"74",0,0,3.486,0.139,0.187,0.00012,0.4,0.0584,10,6,0.03,8,0,1,10,0.02,5,1,1.84615384615385e-05,0.00012,0.4,0.0449141283817545,2.58012450201918e-08,0.400024610111162,40037.685795771,3.96019553733947e-09,0.000215010375168265,0.000214510591605888,357,3.71834208078991e-06,0,0,0.000120000000000013,1.84615384615228e-05,0.4,0.0449230769230769,0.400024615384615,-99,3.98270050903562e-09,374.358974358935,1.00006153846154,39914.6900179528,39914.6900179528,0.0230769230769231,0.000215669955917563,0.000215716479481183,0.00021572961090628,0.000215683100796468,0.000215729735215916,0.000215729754341665,0.000215729754341459,0.000215683225052303,562.341325190349,"Siltuximab","sIL-6","mIL-6R",5,73,364,21,262425.951755496,0.002,0.023,0.2,1.006,TRUE,TRUE,TRUE,FALSE,TRUE,TRUE,FALSE,FALSE
"75",0,0,3.486,0.139,0.187,0.00012,0.4,0.0584,10,6,0.03,8,0,1,10,0.02,5,1,1.84615384615385e-05,0.00012,0.4,0.0449172204054442,1.45101535119422e-08,0.400024612418921,71198.2102314554,2.22714217607788e-09,0.000120917945932852,0.000120636867870885,357,3.72248564389777e-06,0,0,0.000120000000000013,1.84615384615228e-05,0.4,0.0449230769230769,0.400024615384615,-99,2.23963773380515e-09,374.358974358935,1.00006153846154,70979.4714170116,70979.4714170116,0.0230769230769231,0.000121291577505456,0.000121306290936845,0.000121313710581216,0.000121299001396622,0.000121313749891387,0.00012131375593948,0.000121313755939365,0.000121299040697146,1000,"Siltuximab","sIL-6","mIL-6R",5,74,364,21,466666.666666667,0.002,0.023,0.2,1.006,TRUE,TRUE,TRUE,FALSE,TRUE,TRUE,FALSE,FALSE
"76",0,0,3.71,0.0544474393530997,0.0585507246376812,1.34441537149637,0.0015,0.0778975741239892,5.94126154765667,1,5.94126154765667,8.31776616671934,0,1,1.42857142857143,3.5,5,1,0.000757117609664909,1.34441537149637,0.0015,1.34517249019247,1.34438951443715,0.00150002354144166,0.000146577278002164,0.000757114919014226,0.999980767060715,0.999996446191915,357,-6.48704142266024e-14,-1.43201288498013e-16,0,1.34441537149637,0.000757117609664958,0.00149999999999959,1.3454753361499,0.0077975272378982,-99,0.00390758922576552,1.00078842051051,5.19835149193356,0.0388821994864264,0.0388821994864264,102.619638260674,0.994952856928392,197.13189081667,5.16113900387908,0.83808740742538,649.96208654751,1024.76085873417,1024.76085873452,0.999025113903027,0.001,"Tocilizumab","mIL-6R","sIL-6",6,75,364,21,0.466666666666667,2.45,7.65888308335967,0.2,2.18825230953134,FALSE,FALSE,FALSE,FALSE,FALSE,FALSE,TRUE,FALSE
"77",0,0,3.71,0.0544474393530997,0.0585507246376812,1.34441537149637,0.0015,0.0778975741239892,5.94126154765667,1,5.94126154765667,8.31776616671934,0,1,1.42857142857143,3.5,5,1,0.000757117609664909,1.34441537149637,0.0015,1.34517249104756,1.34436916427937,0.00150004206967462,0.000261941259819952,0.000757112801347213,0.999965630252391,0.99999364917995,357,7.91908154660197e-14,-1.43201288498013e-16,0,1.34441537149637,0.000757117609664958,0.00149999999999959,1.3454753361499,0.0077975272378982,-99,0.0038923322494304,1.00078842051051,5.19835149193356,0.069143414763738,0.069143414763738,102.619638260674,0.991059886942874,110.855408719125,5.14098760845472,0.837554299302797,435.156188977921,576.265379303774,576.265379303969,0.998267694485324,0.00177827941003892,"Tocilizumab","mIL-6R","sIL-6",6,76,364,21,0.829863724684831,2.45,7.65888308335967,0.2,2.18825230953134,FALSE,FALSE,FALSE,FALSE,FALSE,TRUE,TRUE,FALSE
"78",0,0,3.71,0.0544474393530997,0.0585507246376812,1.34441537149637,0.0015,0.0778975741239892,5.94126154765667,1,5.94126154765667,8.31776616671934,0,1,1.42857142857143,3.5,5,1,0.000757117609664909,1.34441537149637,0.0015,1.34517249258877,1.34433248616702,0.00150007546520737,0.000469876388183857,0.000757108984442444,0.999938348421846,0.999988607816864,357,-2.10651495160988e-13,-1.43201288498013e-16,0,1.34441537149637,0.000757117609664958,0.00149999999999959,1.3454753361499,0.0077975272378982,-99,0.00386549336248069,1.00078842051051,5.19835149193356,0.122956310814137,0.122956310814137,102.619638260674,0.984211833603463,62.3385774436307,5.10553883985246,0.836607957607036,274.079024342157,324.057837059003,324.057837059113,0.996923624395439,0.00316227766016838,"Tocilizumab","mIL-6R","sIL-6",6,77,364,21,1.47572957474524,2.45,7.65888308335967,0.2,2.18825230953134,FALSE,FALSE,FALSE,FALSE,FALSE,TRUE,TRUE,FALSE
"79",0,0,3.71,0.0544474393530997,0.0585507246376812,1.34441537149637,0.0015,0.0778975741239892,5.94126154765667,1,5.94126154765667,8.31776616671934,0,1,1.42857142857143,3.5,5,1,0.000757117609664909,1.34441537149637,0.0015,1.34517249539488,1.34426570958923,0.0015001362693388,0.000848474535914931,0.000757102034924436,0.999888678818834,0.999979428902097,357,2.74665721514636e-13,-1.43201288498013e-16,0,1.34441537149637,0.000757117609664958,0.00149999999999959,1.3454753361499,0.0077975272378982,-99,0.00381866956035654,1.00078842051051,5.19835149193356,0.218650675855125,0.218650675855125,102.619638260674,0.972265025185227,35.0555582501325,5.0436940200696,0.834930369797418,165.282399770018,182.231113530078,182.23111353014,0.994542411598478,0.00562341325190349,"Tocilizumab","mIL-6R","sIL-6",6,78,364,21,2.62425951755496,2.45,7.65888308335967,0.2,2.18825230953134,FALSE,FALSE,FALSE,FALSE,FALSE,TRUE,TRUE,FALSE
"80",0,0,3.71,0.0544474393530997,0.0585507246376812,1.34441537149637,0.0015,0.0778975741239892,5.94126154765667,1,5.94126154765667,8.31776616671934,0,1,1.42857142857143,3.5,5,1,0.000757117609664909,1.34441537149637,0.0015,1.34517250059256,1.34414203523137,0.00150024889550144,0.00154976115310111,0.000757089162554963,0.999796687637772,0.999962427092459,357,-7.63434753446311e-13,-1.43201288498013e-16,0,1.34441537149637,0.000757117609664958,0.00149999999999959,1.3454753361499,0.0077975272378982,-99,0.00373814690125746,1.00078842051051,5.19835149193356,0.388821994864264,0.388821994864264,102.619638260674,0.951721582028859,19.713189081667,4.93733979178173,0.831963710632748,96.8890089726366,102.476085873417,102.476085873452,0.990335931325978,0.01,"Tocilizumab","mIL-6R","sIL-6",6,79,364,21,4.66666666666667,2.45,7.65888308335967,0.2,2.18825230953134,FALSE,FALSE,FALSE,FALSE,FALSE,TRUE,TRUE,FALSE
"81",0,0,3.71,0.0544474393530997,0.0585507246376812,1.34441537149637,0.0015,0.0778975741239892,5.94126154765667,1,5.94126154765667,8.31776616671934,0,1,1.42857142857143,3.5,5,1,0.000757117609664909,1.34441537149637,0.0015,1.34517251049515,1.34390646133122,0.00150046347212987,0.00288592339218352,0.000757064638233621,0.999621463592328,0.999930035399241,357,3.13890545356632e-12,-1.43201288498013e-16,0,1.34441537149637,0.000757117609664958,0.00149999999999959,1.3454753361499,0.0077975272378982,-99,0.0036030407259243,1.00078842051051,5.19835149193356,0.69143414763738,0.69143414763738,102.619638260674,0.917256495956746,11.0855408719125,4.75889172293685,0.826739913527359,55.8165603104606,57.6265379303774,57.6265379303969,0.982942878169145,0.0177827941003892,"Tocilizumab","mIL-6R","sIL-6",6,80,364,21,8.29863724684831,2.45,7.65888308335967,0.2,2.18825230953134,FALSE,FALSE,FALSE,FALSE,FALSE,TRUE,TRUE,FALSE
"82",0,0,3.71,0.0544474393530997,0.0585507246376812,1.34441537149637,0.0015,0.0778975741239892,5.94126154765667,1,5.94126154765667,8.31776616671934,0,1,1.42857142857143,3.5,5,1,0.000757117609664909,1.34441537149637,0.0015,1.34517253019788,1.34343794503666,0.00150089041267115,0.00554471552106825,0.000757015843492716,0.999272972862087,0.99986558736596,357,-3.78016291027042e-12,-1.43201288498013e-16,0,1.34441537149637,0.000757117609664958,0.00149999999999959,1.3454753361499,0.0077975272378982,-99,0.0033854524203595,1.00078842051051,5.19835149193356,1.22956310814137,1.22956310814137,102.619638260674,0.861761174280868,6.23385774436307,4.471501358762,0.817610801480322,31.8254409537054,32.4057837059003,32.4057837059113,0.970065063918167,0.0316227766016838,"Tocilizumab","mIL-6R","sIL-6",6,81,364,21,14.7572957474524,2.45,7.65888308335967,0.2,2.18825230953134,FALSE,FALSE,FALSE,FALSE,FALSE,TRUE,TRUE,FALSE
"83",0,0,3.71,0.0544474393530997,0.0585507246376812,1.34441537149637,0.0015,0.0778975741239892,5.94126154765667,1,5.94126154765667,8.31776616671934,0,1,1.42857142857143,3.5,5,1,0.000757117609664909,1.34441537149637,0.0015,1.34517257182137,1.34244901850859,0.00150179238846902,0.0111628894497845,0.000756912761732764,0.998537391769337,0.99972943710524,357,-1.70369708260983e-12,-1.43201288498013e-16,0,1.34441537149637,0.000757117609664958,0.00149999999999959,1.3454753361499,0.0077975272378982,-99,0.00305714382710007,1.00078842051051,5.19835149193356,2.18650675855125,2.18650675855125,102.619638260674,0.77805180118991,3.50555582501325,4.03787177589612,0.801865138019983,18.0381410896779,18.2231113530078,18.223111353014,0.947979284849577,0.0562341325190349,"Tocilizumab","mIL-6R","sIL-6",6,82,364,21,26.2425951755496,2.45,7.65888308335967,0.2,2.18825230953134,FALSE,FALSE,FALSE,FALSE,FALSE,TRUE,TRUE,FALSE
"84",0,0,3.71,0.0544474393530997,0.0585507246376812,1.34441537149637,0.0015,0.0778975741239892,5.94126154765667,1,5.94126154765667,8.31776616671934,0,1,1.42857142857143,3.5,5,1,0.000757117609664909,1.34441537149637,0.0015,1.34517266611053,1.34021306926508,0.00150383578391493,0.0238960835550895,0.000756679255736006,0.996874253061678,0.999421022674275,357,-7.17868405033263e-12,-1.43201288498013e-16,0,1.34441537149637,0.000757117609664958,0.00149999999999959,1.3454753361499,0.0077975272378982,-99,0.00260748126351035,1.00078842051051,5.19835149193356,3.88821994864264,3.88821994864264,102.619638260674,0.663449117746503,1.9713189081667,3.44395801950007,0.775313478013444,10.1888548482215,10.2476085873417,10.2476085873452,0.911092211981389,0.1,"Tocilizumab","mIL-6R","sIL-6",6,83,364,21,46.6666666666667,2.45,7.65888308335967,0.2,2.18825230953134,FALSE,TRUE,FALSE,FALSE,FALSE,TRUE,TRUE,FALSE
"85",0,0,3.71,0.0544474393530997,0.0585507246376812,1.34441537149637,0.0015,0.0778975741239892,5.94126154765667,1,5.94126154765667,8.31776616671934,0,1,1.42857142857143,3.5,5,1,0.000757117609664909,1.34441537149637,0.0015,1.3451728938008,1.33483788866374,0.00150877111689167,0.0546810678869451,0.000756115405233876,0.992876098387683,0.998676289630251,357,-2.27522954993332e-11,-1.43201288498013e-16,0,1.34441537149637,0.000757117609664958,0.00149999999999959,1.3454753361499,0.0077975272378982,-99,0.00206687105305746,1.00078842051051,5.19835149193356,6.9143414763738,6.9143414763738,102.619638260674,0.525741357039566,1.10855408719125,2.72992072390457,0.732199342689627,5.74402749082786,5.76265379303774,5.76265379303969,0.852129056047609,0.177827941003892,"Tocilizumab","mIL-6R","sIL-6",6,84,364,21,82.9863724684831,2.45,7.65888308335967,0.2,2.18825230953134,FALSE,TRUE,FALSE,FALSE,FALSE,TRUE,TRUE,FALSE
"86",0,0,3.71,0.0544474393530997,0.0585507246376812,1.34441537149637,0.0015,0.0778975741239892,5.94126154765667,1,5.94126154765667,8.31776616671934,0,1,1.42857142857143,3.5,5,1,0.000757117609664909,1.34441537149637,0.0015,1.34517346865581,1.32141749167315,0.00152123732018528,0.132636767195276,0.000754691977090595,0.982893769060659,0.996796227503694,357,6.7402004254875e-10,-1.43201288498013e-16,0,1.34441537149637,0.000757117609664958,0.00149999999999959,1.3454753361499,0.0077975272378982,-99,0.00151010739291002,1.00078842051051,5.19835149193356,12.2956310814137,12.2956310814137,102.619638260674,0.384003472404929,0.623385774436307,1.99454797198322,0.66630951637731,3.23467987252234,3.24057837059003,3.24057837059113,0.764183110743783,0.316227766016838,"Tocilizumab","mIL-6R","sIL-6",6,85,364,21,147.572957474524,2.45,7.65888308335967,0.2,2.18825230953134,FALSE,TRUE,FALSE,FALSE,FALSE,TRUE,TRUE,FALSE
"87",0,0,3.71,0.0544474393530997,0.0585507246376812,1.34441537149637,0.0015,0.0778975741239892,5.94126154765667,1,5.94126154765667,8.31776616671934,0,1,1.42857142857143,3.5,5,1,0.000757117609664909,1.34441537149637,0.0015,1.34517496347555,1.28749624412555,0.00155369477513396,0.336924616532914,0.000750991495687366,0.957662543453767,0.991908636255001,357,-4.13451104530969e-10,-1.43201288498013e-16,0,1.34441537149637,0.000757117609664958,0.00149999999999959,1.3454753361499,0.0077975272378982,-99,0.00102101598020593,1.00078842051051,5.19835149193356,21.8650675855125,21.8650675855125,102.619638260674,0.259563980219215,0.350555582501325,1.34855664056969,0.574392158834684,1.82044437932772,1.82231113530078,1.8223111353014,0.645680454046322,0.562341325190349,"Tocilizumab","mIL-6R","sIL-6",6,86,364,21,262.425951755496,2.45,7.65888308335967,0.2,2.18825230953134,FALSE,TRUE,TRUE,FALSE,FALSE,TRUE,TRUE,FALSE
"88",0,0,3.71,0.0544474393530997,0.0585507246376812,1.34441537149637,0.0015,0.0778975741239892,5.94126154765667,1,5.94126154765667,8.31776616671934,0,1,1.42857142857143,3.5,5,1,0.000757117609664909,1.34441537149637,0.0015,1.34517904132942,1.20143500921171,0.0016427302840959,0.906919072194338,0.00074090409115382,0.893648670406444,0.978585204855736,357,-3.27394337333094e-09,-1.43201288498013e-16,0,1.34441537149637,0.000757117609664958,0.00149999999999959,1.3454753361499,0.0077975272378982,-99,0.000647874739516159,1.00078842051051,5.19835149193356,38.8821994864264,38.8821994864264,102.619638260674,0.164670152327317,0.19713189081667,0.855712152571459,0.461243005611871,1.02417027388452,1.02476085873417,1.02476085873452,0.506114514370352,1,"Tocilizumab","mIL-6R","sIL-6",6,87,364,21,466.666666666667,2.45,7.65888308335967,0.2,2.18825230953134,FALSE,TRUE,TRUE,FALSE,FALSE,TRUE,TRUE,FALSE
"89",0,0,3.71,0.0544474393530997,0.0585507246376812,1.34441537149637,0.0015,0.0778975741239892,5.94126154765667,1,5.94126154765667,8.31776616671934,0,1,1.42857142857143,3.5,5,1,0.000757117609664909,1.34441537149637,0.0015,1.3451935320721,0.944238526433317,0.00199125511686339,3.21745750747807,0.000705492058970856,0.702341364471575,0.931813036660312,357,-1.2659448391019e-07,-1.43201288498013e-16,0,1.34441537149637,0.000757117609664958,0.00149999999999959,1.3454753361499,0.0077975272378982,-99,0.00039267723042465,1.00078842051051,5.19835149193356,69.143414763738,69.143414763738,102.619638260674,0.0997928333867928,0.110855408719125,0.518647599014925,0.341585033293935,0.57607857285809,0.576265379303774,0.576265379303969,0.365589060617718,1.77827941003892,"Tocilizumab","mIL-6R","sIL-6",6,88,364,21,829.863724684831,2.45,7.65888308335967,0.2,2.18825230953134,FALSE,TRUE,TRUE,FALSE,FALSE,TRUE,TRUE,FALSE
"90",0,0,3.71,0.0544474393530997,0.0585507246376812,1.34441537149637,0.0015,0.0778975741239892,5.94126154765667,1,5.94126154765667,8.31776616671934,0,1,1.42857142857143,3.5,5,1,0.000757117609664909,1.34441537149637,0.0015,1.34530363309723,0.265014372899619,0.00437756603252854,31.1319781378779,0.000433608809610915,0.19712239127752,0.572709978047961,357,-2.52755351937785e-05,-1.43201288498013e-16,0,1.34441537149637,0.000757117609664958,0.00149999999999959,1.3454753361499,0.0077975272378982,-99,0.000230923673083322,1.00078842051051,5.19835149193356,122.956310814137,122.956310814137,102.619638260674,0.0586805174614291,0.0623385774436307,0.305003701057107,0.23374939026831,0.323998755291801,0.324057837059003,0.324057837059113,0.244745983135362,3.16227766016838,"Tocilizumab","mIL-6R","sIL-6",6,89,364,21,1475.72957474524,2.45,7.65888308335967,0.2,2.18825230953134,TRUE,TRUE,TRUE,FALSE,FALSE,TRUE,TRUE,FALSE
"91",0,0,3.71,0.0544474393530997,0.0585507246376812,1.34441537149637,0.0015,0.0778975741239892,5.94126154765667,1,5.94126154765667,8.31776616671934,0,1,1.42857142857143,3.5,5,1,0.000757117609664909,1.34441537149637,0.0015,1.345400392839,0.0802870021699463,0.00629703900346144,120.619347109368,0.000189051539595909,0.0597188963114763,0.249699039069479,357,-5.21204800991418e-05,-1.43201288498013e-16,0,1.34441537149637,0.000757117609664958,0.00149999999999959,1.3454753361499,0.0077975272378982,-99,0.000133287915889394,1.00078842051051,5.19835149193356,218.650675855125,218.650675855125,102.619638260674,0.0338682865578709,0.0350555582501325,0.176046514026238,0.149706106335093,0.182212428743902,0.182231113530078,0.18223111353014,0.154141699913478,5.62341325190349,"Tocilizumab","mIL-6R","sIL-6",6,90,364,21,2624.25951755496,2.45,7.65888308335967,0.2,2.18825230953134,TRUE,TRUE,TRUE,FALSE,TRUE,TRUE,TRUE,TRUE
"92",0,0,3.71,0.0544474393530997,0.0585507246376812,1.34441537149637,0.0015,0.0778975741239892,5.94126154765667,1,5.94126154765667,8.31776616671934,0,1,1.42857142857143,3.5,5,1,0.000757117609664909,1.34441537149637,0.0015,1.34543895711717,0.0346764738240619,0.00706598374096418,289.447371658442,9.16685929579266e-05,0.0257929763072153,0.121075763907404,357,-5.76129551790569e-05,-1.43201288498013e-16,0,1.34441537149637,0.000757117609664958,0.00149999999999959,1.3454753361499,0.0077975272378982,-99,7.60833970432324e-05,1.00078842051051,5.19835149193356,388.821994864264,388.821994864264,102.619638260674,0.0193320918987233,0.019713189081667,0.100490856469315,0.0913192688187739,0.102470176960066,0.102476085873417,0.102476085873452,0.0929508469040975,10,"Tocilizumab","mIL-6R","sIL-6",6,91,364,21,4666.66666666667,2.45,7.65888308335967,0.2,2.18825230953134,TRUE,TRUE,TRUE,FALSE,TRUE,TRUE,TRUE,TRUE
"93",0,0,3.71,0.0544474393530997,0.0585507246376812,1.34441537149637,0.0015,0.0778975741239892,5.94126154765667,1,5.94126154765667,8.31776616671934,0,1,1.42857142857143,3.5,5,1,0.000757117609664909,1.34441537149637,0.0015,1.34545641326402,0.0171716287049708,0.00741616059752425,592.387694415563,4.76554975022564e-05,0.0127725620139692,0.0629433220069312,357,-5.9089325084837e-05,-1.43201288498013e-16,0,1.34441537149637,0.000757117609664958,0.00149999999999959,1.3454753361499,0.0077975272378982,-99,4.31506954376431e-05,1.00078842051051,5.19835149193356,691.43414763738,691.43414763738,102.619638260674,0.0109639990127372,0.0110855408719125,0.0569933850260573,0.0539219215197182,0.0576246693207525,0.0576265379303774,0.0576265379303969,0.0544866603320702,17.7827941003892,"Tocilizumab","mIL-6R","sIL-6",6,92,364,21,8298.63724684831,2.45,7.65888308335967,0.2,2.18825230953134,TRUE,TRUE,TRUE,FALSE,TRUE,TRUE,TRUE,TRUE
"94",0,0,3.71,0.0544474393530997,0.0585507246376812,1.34441537149637,0.0015,0.0778975741239892,5.94126154765667,1,5.94126154765667,8.31776616671934,0,1,1.42857142857143,3.5,5,1,0.000757117609664909,1.34441537149637,0.0015,1.34546513408936,0.00904002658845802,0.00759167853406406,1132.19301487912,2.56854254426217e-05,0.00672413212472887,0.033925278074023,357,-5.96061205357312e-05,-1.43201288498013e-16,0,1.34441537149637,0.000757117609664958,0.00149999999999959,1.3454753361499,0.0077975272378982,-99,2.43826665456521e-05,1.00078842051051,5.19835149193356,1229.56310814137,1229.56310814137,102.619638260674,0.00619523751500201,0.00623385774436307,0.0322045957383583,0.0312003659773322,0.0324051927912671,0.0324057837059003,0.0324057837059113,0.0313886111617739,31.6227766016838,"Tocilizumab","mIL-6R","sIL-6",6,93,364,21,14757.2957474524,2.45,7.65888308335967,0.2,2.18825230953134,TRUE,TRUE,TRUE,FALSE,TRUE,TRUE,TRUE,TRUE
"95",0,0,3.71,0.0544474393530997,0.0585507246376812,1.34441537149637,0.0015,0.0778975741239892,5.94126154765667,1,5.94126154765667,8.31776616671934,0,1,1.42857142857143,3.5,5,1,0.000757117609664909,1.34441537149637,0.0015,1.34546973038889,0.00490623873790708,0.00768434807057533,2092.63532102912,1.41112484821766e-05,0.00364934739807856,0.0186381194969458,357,-5.98214364372816e-05,-1.43201288498013e-16,0,1.34441537149637,0.000757117609664958,0.00149999999999959,1.3454753361499,0.0077975272378982,-99,1.37487385223524e-05,1.00078842051051,5.19835149193356,2186.50675855125,2186.50675855125,102.619638260674,0.00349330983238177,0.00350555582501325,0.0181593167915306,0.0178356164357325,0.0182229244879021,0.0182231113530078,0.018223111353014,0.0178969728243539,56.2341325190349,"Tocilizumab","mIL-6R","sIL-6",6,94,364,21,26242.5951755496,2.45,7.65888308335967,0.2,2.18825230953134,TRUE,TRUE,TRUE,FALSE,TRUE,TRUE,TRUE,TRUE
"96",0,0,3.71,0.0544474393530997,0.0585507246376812,1.34441537149637,0.0015,0.0778975741239892,5.94126154765667,1,5.94126154765667,8.31776616671934,0,1,1.42857142857143,3.5,5,1,0.000757117609664909,1.34441537149637,0.0015,1.34547222403387,0.00270570884968196,0.00773467269878957,3800.83565880465,7.83338404912656e-06,0.00201255423513229,0.0103463239384876,357,-5.99220871317543e-05,-1.43201288498013e-16,0,1.34441537149637,0.000757117609664958,0.00149999999999959,1.3454753361499,0.0077975272378982,-99,7.74334768438397e-06,1.00078842051051,5.19835149193356,3888.21994864264,3888.21994864264,102.619638260674,0.00196744045559589,0.0019713189081667,0.0102274040195824,0.010123920854933,0.0102475494951416,0.0102476085873417,0.0102476085873452,0.0101436603266744,100,"Tocilizumab","mIL-6R","sIL-6",6,95,364,21,46666.6666666667,2.45,7.65888308335967,0.2,2.18825230953134,TRUE,TRUE,TRUE,FALSE,TRUE,TRUE,TRUE,TRUE
"97",0,0,3.71,0.0544474393530997,0.0585507246376812,1.34441537149637,0.0015,0.0778975741239892,5.94126154765667,1,5.94126154765667,8.31776616671934,0,1,1.42857142857143,3.5,5,1,0.000757117609664909,1.34441537149637,0.0015,1.34547359858094,0.0015051572411711,0.0077624273701503,6838.63517177153,4.37335846129373e-06,0.00111956265383653,0.0057763264325992,357,-5.9972755736289e-05,-1.43201288498013e-16,0,1.34441537149637,0.000757117609664958,0.00149999999999959,1.3454753361499,0.0077975272378982,-99,4.35816507713621e-06,1.00078842051051,5.19835149193356,6914.3414763738,6914.3414763738,102.619638260674,0.00110732655581195,0.00110855408719125,0.00575625902964376,0.00572333258338037,0.00576263510639615,0.00576265379303774,0.00576265379303969,0.00572963588507384,177.827941003892,"Tocilizumab","mIL-6R","sIL-6",6,96,364,21,82986.3724684831,2.45,7.65888308335967,0.2,2.18825230953134,TRUE,TRUE,TRUE,FALSE,TRUE,TRUE,TRUE,TRUE
"98",0,0,3.71,0.0544474393530997,0.0585507246376812,1.34441537149637,0.0015,0.0778975741239892,5.94126154765667,1,5.94126154765667,8.31776616671934,0,1,1.42857142857143,3.5,5,1,0.000757117609664909,1.34441537149637,0.0015,1.34547436295806,0.000841315184584275,0.00777786613190331,12240.7691735259,2.44940158419431e-06,0.000625785157192804,0.00323516657508255,357,-5.99994612817209e-05,-1.43201288498013e-16,0,1.34441537149637,0.000757117609664958,0.00149999999999959,1.3454753361499,0.0077975272378982,-99,2.45196716138648e-06,1.00078842051051,5.19835149193356,12295.6310814137,12295.6310814137,102.619638260674,0.00062299740671545,0.000623385774436307,0.00323855518625638,0.00322810666750314,0.00324057246134672,0.00324057837059003,0.00324057837059113,0.00323011094293485,316.227766016838,"Tocilizumab","mIL-6R","sIL-6",6,97,364,21,147572.957474524,2.45,7.65888308335967,0.2,2.18825230953134,TRUE,TRUE,TRUE,FALSE,TRUE,TRUE,TRUE,TRUE
"99",0,0,3.71,0.0544474393530997,0.0585507246376812,1.34441537149637,0.0015,0.0778975741239892,5.94126154765667,1,5.94126154765667,8.31776616671934,0,1,1.42857142857143,3.5,5,1,0.000757117609664909,1.34441537149637,0.0015,1.34547479011513,0.000471508686118915,0.00778649520461706,21847.3158475766,1.37428055792467e-06,0.000350716524160323,0.00181514805676348,357,-6.00139284801747e-05,-1.43201288498013e-16,0,1.34441537149637,0.000757117609664958,0.00149999999999959,1.3454753361499,0.0077975272378982,-99,1.37921932438035e-06,1.00078842051051,5.19835149193356,21865.0675855125,21865.0675855125,102.619638260674,0.000350432736349306,0.000350555582501325,0.00182167117337383,0.00181836058228263,0.00182230926663248,0.00182231113530078,0.0018223111353014,0.00181899635798317,562.341325190349,"Tocilizumab","mIL-6R","sIL-6",6,98,364,21,262425.951755496,2.45,7.65888308335967,0.2,2.18825230953134,TRUE,TRUE,TRUE,FALSE,TRUE,TRUE,TRUE,TRUE
"100",0,0,3.71,0.0544474393530997,0.0585507246376812,1.34441537149637,0.0015,0.0778975741239892,5.94126154765667,1,5.94126154765667,8.31776616671934,0,1,1.42857142857143,3.5,5,1,0.000757117609664909,1.34441537149637,0.0015,1.34547502948012,0.000264646107725278,0.00779133110535913,38930.4639759706,7.71831451978605e-07,0.000196848469108711,0.00101943402468239,357,-6.00218925550593e-05,-1.43201288498013e-16,0,1.34441537149637,0.000757117609664958,0.00149999999999959,1.3454753361499,0.0077975272378982,-99,7.75711247574653e-07,1.00078842051051,5.19835149193356,38882.1994864264,38882.1994864264,102.619638260674,0.000197093037493522,0.00019713189081667,0.00102455845389453,0.00102351039775163,0.0010247602678091,0.00102476085873417,0.00102476085873452,0.00102371179895233,1000,"Tocilizumab","mIL-6R","sIL-6",6,99,364,21,466666.666666667,2.45,7.65888308335967,0.2,2.18825230953134,TRUE,TRUE,TRUE,FALSE,TRUE,TRUE,TRUE,TRUE
